year_film,year_ceremony,ceremony,category,name,film,winner
1967,1968,40,ACTOR,Warren Beatty,Bonnie and Clyde,False
1967,1968,40,ACTOR,Dustin Hoffman,The Graduate,False
1967,1968,40,ACTOR,Paul Newman,Cool Hand Luke,False
1967,1968,40,ACTOR,Rod Steiger,In the Heat of the Night,True
1967,1968,40,ACTOR,Spencer Tracy,Guess Who's Coming to Dinner,False
1967,1968,40,ACTOR IN A SUPPORTING ROLE,John Cassavetes,The Dirty Dozen,False
1967,1968,40,ACTOR IN A SUPPORTING ROLE,Gene Hackman,Bonnie and Clyde,False
1967,1968,40,ACTOR IN A SUPPORTING ROLE,Cecil Kellaway,Guess Who's Coming to Dinner,False
1967,1968,40,ACTOR IN A SUPPORTING ROLE,George Kennedy,Cool Hand Luke,True
1967,1968,40,ACTOR IN A SUPPORTING ROLE,Michael J. Pollard,Bonnie and Clyde,False
1967,1968,40,ACTRESS,Anne Bancroft,The Graduate,False
1967,1968,40,ACTRESS,Faye Dunaway,Bonnie and Clyde,False
1967,1968,40,ACTRESS,Dame Edith Evans,The Whisperers,False
1967,1968,40,ACTRESS,Audrey Hepburn,Wait until Dark,False
1967,1968,40,ACTRESS,Katharine Hepburn,Guess Who's Coming to Dinner,True
1967,1968,40,ACTRESS IN A SUPPORTING ROLE,Carol Channing,Thoroughly Modern Millie,False
1967,1968,40,ACTRESS IN A SUPPORTING ROLE,Mildred Natwick,Barefoot in the Park,False
1967,1968,40,ACTRESS IN A SUPPORTING ROLE,Estelle Parsons,Bonnie and Clyde,True
1967,1968,40,ACTRESS IN A SUPPORTING ROLE,Beah Richards,Guess Who's Coming to Dinner,False
1967,1968,40,ACTRESS IN A SUPPORTING ROLE,Katharine Ross,The Graduate,False
1967,1968,40,ART DIRECTION,"Art Direction:  John Truscott, Edward Carrere;  Set Decoration:  John W. Brown",Camelot,True
1967,1968,40,ART DIRECTION,"Art Direction:  Mario Chiari, Jack Martin Smith, Ed Graves;  Set Decoration:  Walter M. Scott, Stuart A. Reiss",Doctor Dolittle,False
1967,1968,40,ART DIRECTION,Art Direction:  Robert Clatworthy;  Set Decoration:  Frank Tuttle,Guess Who's Coming to Dinner,False
1967,1968,40,ART DIRECTION,"Art Direction:  Renzo Mongiardino, John DeCuir, Elven Webb, Giuseppe Mariani;  Set Decoration:  Dario Simoni, Luigi Gervasi",The Taming of the Shrew,False
1967,1968,40,ART DIRECTION,"Art Direction:  Alexander Golitzen, George C. Webb;  Set Decoration:  Howard Bristol",Thoroughly Modern Millie,False
1967,1968,40,CINEMATOGRAPHY,Burnett Guffey,Bonnie and Clyde,True
1967,1968,40,CINEMATOGRAPHY,Richard H. Kline,Camelot,False
1967,1968,40,CINEMATOGRAPHY,Robert Surtees,Doctor Dolittle,False
1967,1968,40,CINEMATOGRAPHY,Robert Surtees,The Graduate,False
1967,1968,40,CINEMATOGRAPHY,Conrad Hall,In Cold Blood,False
1967,1968,40,COSTUME DESIGN,Theadora Van Runkle,Bonnie and Clyde,False
1967,1968,40,COSTUME DESIGN,John Truscott,Camelot,True
1967,1968,40,COSTUME DESIGN,Bill Thomas,The Happiest Millionaire,False
1967,1968,40,COSTUME DESIGN,"Irene Sharaff, Danilo Donati",The Taming of the Shrew,False
1967,1968,40,COSTUME DESIGN,Jean Louis,Thoroughly Modern Millie,False
1967,1968,40,DIRECTING,Arthur Penn,Bonnie and Clyde,False
1967,1968,40,DIRECTING,Mike Nichols,The Graduate,True
1967,1968,40,DIRECTING,Stanley Kramer,Guess Who's Coming to Dinner,False
1967,1968,40,DIRECTING,Richard Brooks,In Cold Blood,False
1967,1968,40,DIRECTING,Norman Jewison,In the Heat of the Night,False
1967,1968,40,DOCUMENTARY (Feature),"Pierre Schoendoerffer, Producer",The Anderson Platoon,True
1967,1968,40,DOCUMENTARY (Feature),"Murray Lerner, Producer",Festival,False
1967,1968,40,DOCUMENTARY (Feature),"Carroll Ballard, Producer",Harvest,False
1967,1968,40,DOCUMENTARY (Feature),"Jack Le Vien, Producer",A King's Story,False
1967,1968,40,DOCUMENTARY (Feature),"William C. Jersey, Producer",A Time for Burning,False
1967,1968,40,DOCUMENTARY (Short Subject),"Charles E. Guggenheim, Producer",Monument to the Dream,False
1967,1968,40,DOCUMENTARY (Short Subject),"Christopher Chapman, Producer",A Place to Stand,False
1967,1968,40,DOCUMENTARY (Short Subject),"Mark Harris and Trevor Greenwood, Producers",The Redwoods,True
1967,1968,40,DOCUMENTARY (Short Subject),"Robert Fitchett, Producer",See You at the Pillar,False
1967,1968,40,DOCUMENTARY (Short Subject),"Carl V. Ragsdale, Producer",While I Run This Race,False
1967,1968,40,FILM EDITING,Frank P. Keller,Beach Red,False
1967,1968,40,FILM EDITING,Michael Luciano,The Dirty Dozen,False
1967,1968,40,FILM EDITING,"Samuel E. Beetley, Marjorie Fowler",Doctor Dolittle,False
1967,1968,40,FILM EDITING,Robert C. Jones,Guess Who's Coming to Dinner,False
1967,1968,40,FILM EDITING,Hal Ashby,In the Heat of the Night,True
1967,1968,40,FOREIGN LANGUAGE FILM,Czechoslovakia,Closely Watched Trains,True
1967,1968,40,FOREIGN LANGUAGE FILM,Spain,El Amor Brujo,False
1967,1968,40,FOREIGN LANGUAGE FILM,Yugoslavia,I Even Met Happy Gypsies,False
1967,1968,40,FOREIGN LANGUAGE FILM,France,Live for Life,False
1967,1968,40,FOREIGN LANGUAGE FILM,Japan,Portrait of Chieko,False
1967,1968,40,MUSIC (Original Music Score),Lalo Schifrin,Cool Hand Luke,False
1967,1968,40,MUSIC (Original Music Score),Leslie Bricusse,Doctor Dolittle,False
1967,1968,40,MUSIC (Original Music Score),Richard Rodney Bennett,Far from the Madding Crowd,False
1967,1968,40,MUSIC (Original Music Score),Quincy Jones,In Cold Blood,False
1967,1968,40,MUSIC (Original Music Score),Elmer Bernstein,Thoroughly Modern Millie,True
1967,1968,40,MUSIC (Scoring of Music--adaptation or treatment),"Alfred Newman, Ken Darby",Camelot,True
1967,1968,40,MUSIC (Scoring of Music--adaptation or treatment),"Lionel Newman, Alexander Courage",Doctor Dolittle,False
1967,1968,40,MUSIC (Scoring of Music--adaptation or treatment),DeVol,Guess Who's Coming to Dinner,False
1967,1968,40,MUSIC (Scoring of Music--adaptation or treatment),"Andre Previn, Joseph Gershenson",Thoroughly Modern Millie,False
1967,1968,40,MUSIC (Scoring of Music--adaptation or treatment),John Williams,Valley of the Dolls,False
1967,1968,40,MUSIC (Song),Music and Lyrics by Terry Gilkyson,The Jungle Book,False
1967,1968,40,MUSIC (Song),Music by Quincy Jones; Lyrics by Bob Russell,Banning,False
1967,1968,40,MUSIC (Song),Music by Burt Bacharach; Lyrics by Hal David,Casino Royale,False
1967,1968,40,MUSIC (Song),Music and Lyrics by Leslie Bricusse,Doctor Dolittle,True
1967,1968,40,MUSIC (Song),Music and Lyrics by James Van Heusen and Sammy Cahn,Thoroughly Modern Millie,False
1967,1968,40,BEST PICTURE,"Warren Beatty, Producer",Bonnie and Clyde,False
1967,1968,40,BEST PICTURE,"Arthur P. Jacobs, Producer",Doctor Dolittle,False
1967,1968,40,BEST PICTURE,"Lawrence Turman, Producer",The Graduate,False
1967,1968,40,BEST PICTURE,"Stanley Kramer, Producer",Guess Who's Coming to Dinner,False
1967,1968,40,BEST PICTURE,"Walter Mirisch, Producer",In the Heat of the Night,True
1967,1968,40,SHORT SUBJECT (Cartoon),"Fred Wolf, Producer",The Box,True
1967,1968,40,SHORT SUBJECT (Cartoon),"Jean-Charles Meunier, Producer",Hypothese Beta,False
1967,1968,40,SHORT SUBJECT (Cartoon),"Robert Verrall and Wolf Koenig, Producers",What on Earth!,False
1967,1968,40,SHORT SUBJECT (Live Action),"Julian Biggs, Producer",Paddle to the Sea,False
1967,1968,40,SHORT SUBJECT (Live Action),"Christopher Chapman, Producer",A Place to Stand,True
1967,1968,40,SHORT SUBJECT (Live Action),"John Ferno, Producer",Sky over Holland,False
1967,1968,40,SHORT SUBJECT (Live Action),"Len Janson and Chuck Menville, Producers","Stop, Look and Listen",False
1967,1968,40,SOUND,Warner Bros.-Seven Arts Studio Sound Department,Camelot,False
1967,1968,40,SOUND,Metro-Goldwyn-Mayer Studio Sound Department,The Dirty Dozen,False
1967,1968,40,SOUND,20th Century-Fox Studio Sound Department,Doctor Dolittle,False
1967,1968,40,SOUND,Samuel Goldwyn Studio Sound Department,In the Heat of the Night,True
1967,1968,40,SOUND,Universal City Studio Sound Department,Thoroughly Modern Millie,False
1967,1968,40,SOUND EFFECTS,John Poyner,The Dirty Dozen,True
1967,1968,40,SOUND EFFECTS,James A. Richard,In the Heat of the Night,False
1967,1968,40,SPECIAL VISUAL EFFECTS,L. B. Abbott,Doctor Dolittle,True
1967,1968,40,SPECIAL VISUAL EFFECTS,"Howard A. Anderson, Jr., Albert Whitlock",Tobruk,False
1967,1968,40,WRITING (Screenplay--based on material from another medium),"Donn Pearce, Frank R. Pierson",Cool Hand Luke,False
1967,1968,40,WRITING (Screenplay--based on material from another medium),"Calder Willingham, Buck Henry",The Graduate,False
1967,1968,40,WRITING (Screenplay--based on material from another medium),Richard Brooks,In Cold Blood,False
1967,1968,40,WRITING (Screenplay--based on material from another medium),Stirling Silliphant,In the Heat of the Night,True
1967,1968,40,WRITING (Screenplay--based on material from another medium),"Joseph Strick, Fred Haines",Ulysses,False
1967,1968,40,WRITING (Story and Screenplay--written directly for the screen),"David Newman, Robert Benton",Bonnie and Clyde,False
1967,1968,40,WRITING (Story and Screenplay--written directly for the screen),Story by Robert Kaufman;  Screenplay by Norman Lear,Divorce American Style,False
1967,1968,40,WRITING (Story and Screenplay--written directly for the screen),William Rose,Guess Who's Coming to Dinner,True
1967,1968,40,WRITING (Story and Screenplay--written directly for the screen),Jorge Semprun,La Guerre Est Finie,False
1967,1968,40,WRITING (Story and Screenplay--written directly for the screen),Frederic Raphael,Two for the Road,False
1967,1968,40,JEAN HERSHOLT HUMANITARIAN AWARD,Gregory Peck,,True
1967,1968,40,HONORARY AWARD, Arthur Freed for distinguished service to the Academy and the production of six top-rated Awards telecasts.,,True
1967,1968,40,IRVING G. THALBERG MEMORIAL AWARD,Alfred Hitchcock,,True
1968,1969,41,ACTOR,Alan Arkin,The Heart Is a Lonely Hunter,False
1968,1969,41,ACTOR,Alan Bates,The Fixer,False
1968,1969,41,ACTOR,Ron Moody,Oliver!,False
1968,1969,41,ACTOR,Peter O'Toole,The Lion in Winter,False
1968,1969,41,ACTOR,Cliff Robertson,Charly,True
1968,1969,41,ACTOR IN A SUPPORTING ROLE,Jack Albertson,The Subject Was Roses,True
1968,1969,41,ACTOR IN A SUPPORTING ROLE,Seymour Cassel,Faces,False
1968,1969,41,ACTOR IN A SUPPORTING ROLE,Daniel Massey,Star!,False
1968,1969,41,ACTOR IN A SUPPORTING ROLE,Jack Wild,Oliver!,False
1968,1969,41,ACTOR IN A SUPPORTING ROLE,Gene Wilder,The Producers,False
1968,1969,41,ACTRESS,Katharine Hepburn,The Lion in Winter,True
1968,1969,41,ACTRESS,Patricia Neal,The Subject Was Roses,False
1968,1969,41,ACTRESS,Vanessa Redgrave,Isadora,False
1968,1969,41,ACTRESS,Barbra Streisand,Funny Girl,True
1968,1969,41,ACTRESS,Joanne Woodward,"Rachel, Rachel",False
1968,1969,41,ACTRESS IN A SUPPORTING ROLE,Lynn Carlin,Faces,False
1968,1969,41,ACTRESS IN A SUPPORTING ROLE,Ruth Gordon,Rosemary's Baby,True
1968,1969,41,ACTRESS IN A SUPPORTING ROLE,Sondra Locke,The Heart Is a Lonely Hunter,False
1968,1969,41,ACTRESS IN A SUPPORTING ROLE,Kay Medford,Funny Girl,False
1968,1969,41,ACTRESS IN A SUPPORTING ROLE,Estelle Parsons,"Rachel, Rachel",False
1968,1969,41,ART DIRECTION,"Art Direction:  John Box, Terence Marsh;  Set Decoration:  Vernon Dixon, Ken Muggleston",Oliver!,True
1968,1969,41,ART DIRECTION,"Art Direction:  George W. Davis, Edward Carfagno",The Shoes of the Fisherman,False
1968,1969,41,ART DIRECTION,"Art Direction:  Boris Leven;  Set Decoration:  Walter M. Scott, Howard Bristol",Star!,False
1968,1969,41,ART DIRECTION,"Art Direction:  Tony Masters, Harry Lange, Ernie Archer",2001: A Space Odyssey,False
1968,1969,41,ART DIRECTION,"Art Direction:  Mikhail Bogdanov, Gennady Myasnikov;  Set Decoration:  G. Koshelev, V. Uvarov",War and Peace,False
1968,1969,41,CINEMATOGRAPHY,Harry Stradling,Funny Girl,False
1968,1969,41,CINEMATOGRAPHY,Daniel L. Fapp,Ice Station Zebra,False
1968,1969,41,CINEMATOGRAPHY,Oswald Morris,Oliver!,False
1968,1969,41,CINEMATOGRAPHY,Pasqualino De Santis,Romeo and Juliet,True
1968,1969,41,CINEMATOGRAPHY,Ernest Laszlo,Star!,False
1968,1969,41,COSTUME DESIGN,Margaret Furse,The Lion in Winter,False
1968,1969,41,COSTUME DESIGN,Phyllis Dalton,Oliver!,False
1968,1969,41,COSTUME DESIGN,Morton Haack,Planet of the Apes,False
1968,1969,41,COSTUME DESIGN,Danilo Donati,Romeo and Juliet,True
1968,1969,41,COSTUME DESIGN,Donald Brooks,Star!,False
1968,1969,41,DIRECTING,Gillo Pontecorvo,The Battle of Algiers,False
1968,1969,41,DIRECTING,Anthony Harvey,The Lion in Winter,False
1968,1969,41,DIRECTING,Carol Reed,Oliver!,True
1968,1969,41,DIRECTING,Franco Zeffirelli,Romeo and Juliet,False
1968,1969,41,DIRECTING,Stanley Kubrick,2001: A Space Odyssey,False
1968,1969,41,DOCUMENTARY (Feature),"James Blue, Producer",A Few Notes on Our Food Problem,False
1968,1969,41,DOCUMENTARY (Feature),"Bill McGaw, Producer",Journey into Self,True
1968,1969,41,DOCUMENTARY (Feature),"William Cayton, Producer",The Legendary Champions,False
1968,1969,41,DOCUMENTARY (Feature),"David H. Sawyer, Producer",Other Voices,False
1968,1969,41,DOCUMENTARY (Feature),"Robert Cohn and Alex Grasshoff, Producers",Young Americans,False
1968,1969,41,DOCUMENTARY (Short Subject),"Fali Bilimoria, Producer",The House That Ananda Built,False
1968,1969,41,DOCUMENTARY (Short Subject),"Lee R. Bobker, Producer",The Revolving Door,False
1968,1969,41,DOCUMENTARY (Short Subject),"Thomas P. Kelly, Jr., Producer",A Space to Grow,False
1968,1969,41,DOCUMENTARY (Short Subject),"Dan E. Weisburd, Producer",A Way Out of the Wilderness,False
1968,1969,41,DOCUMENTARY (Short Subject),"Saul Bass, Producer",Why Man Creates,True
1968,1969,41,FILM EDITING,Frank P. Keller,Bullitt,True
1968,1969,41,FILM EDITING,"Robert Swink, Maury Winetrobe, William Sands",Funny Girl,False
1968,1969,41,FILM EDITING,Frank Bracht,The Odd Couple,False
1968,1969,41,FILM EDITING,Ralph Kemplen,Oliver!,False
1968,1969,41,FILM EDITING,"Fred Feitshans, Eve Newman",Wild in the Streets,False
1968,1969,41,FOREIGN LANGUAGE FILM,Hungary,The Boys of Paul Street,False
1968,1969,41,FOREIGN LANGUAGE FILM,Czechoslovakia,The Firemen's Ball,False
1968,1969,41,FOREIGN LANGUAGE FILM,Italy,The Girl with the Pistol,False
1968,1969,41,FOREIGN LANGUAGE FILM,France,Stolen Kisses,False
1968,1969,41,FOREIGN LANGUAGE FILM,Union of Soviet Socialist Republics,War and Peace,True
1968,1969,41,MUSIC (Original Score--for a motion picture [not a musical]),Lalo Schifrin,The Fox,False
1968,1969,41,MUSIC (Original Score--for a motion picture [not a musical]),John Barry,The Lion in Winter,True
1968,1969,41,MUSIC (Original Score--for a motion picture [not a musical]),Jerry Goldsmith,Planet of the Apes,False
1968,1969,41,MUSIC (Original Score--for a motion picture [not a musical]),Alex North,The Shoes of the Fisherman,False
1968,1969,41,MUSIC (Original Score--for a motion picture [not a musical]),Michel Legrand,The Thomas Crown Affair,False
1968,1969,41,MUSIC (Score of a Musical Picture--original or adaptation),Adaptation score by Ray Heindorf,Finian's Rainbow,False
1968,1969,41,MUSIC (Score of a Musical Picture--original or adaptation),Adaptation score by Walter Scharf,Funny Girl,False
1968,1969,41,MUSIC (Score of a Musical Picture--original or adaptation),Adaptation score by John Green,Oliver!,True
1968,1969,41,MUSIC (Score of a Musical Picture--original or adaptation),Adaptation score by Lennie Hayton,Star!,False
1968,1969,41,MUSIC (Score of a Musical Picture--original or adaptation),Music and adaptation score by Michel Legrand; lyrics by Jacques Demy,The Young Girls of Rochefort,False
1968,1969,41,MUSIC (Song--Original for the Picture),Music and Lyrics by Richard M. Sherman and Robert B. Sherman,Chitty Chitty Bang Bang,False
1968,1969,41,MUSIC (Song--Original for the Picture),Music by Quincy Jones; Lyrics by Bob Russell,For Love of Ivy,False
1968,1969,41,MUSIC (Song--Original for the Picture),Music by Jule Styne; Lyrics by Bob Merrill,Funny Girl,False
1968,1969,41,MUSIC (Song--Original for the Picture),Music by Jimmy Van Heusen; Lyrics by Sammy Cahn,Star!,False
1968,1969,41,MUSIC (Song--Original for the Picture),Music by Michel Legrand; Lyrics by Alan Bergman and Marilyn Bergman,The Thomas Crown Affair,True
1968,1969,41,BEST PICTURE,"Ray Stark, Producer",Funny Girl,False
1968,1969,41,BEST PICTURE,"Martin Poll, Producer",The Lion in Winter,False
1968,1969,41,BEST PICTURE,"John Woolf, Producer",Oliver!,True
1968,1969,41,BEST PICTURE,"Paul Newman, Producer","Rachel, Rachel",False
1968,1969,41,BEST PICTURE,"Anthony Havelock-Allan and John Brabourne, Producers",Romeo and Juliet,False
1968,1969,41,SHORT SUBJECT (Cartoon),"Wolf Koenig and Jim MacKay, Producers",The House That Jack Built,False
1968,1969,41,SHORT SUBJECT (Cartoon),"Jimmy Murakami, Producer",The Magic Pear Tree,False
1968,1969,41,SHORT SUBJECT (Cartoon),"John Hubley and Faith Hubley, Producers",Windy Day,False
1968,1969,41,SHORT SUBJECT (Cartoon),"Walt Disney, Producer",Winnie the Pooh and the Blustery Day,True
1968,1969,41,SHORT SUBJECT (Live Action),"George Coe, Sidney Davis and Anthony Lover, Producers",The Dove,False
1968,1969,41,SHORT SUBJECT (Live Action),National Film Board of Canada,Duo,False
1968,1969,41,SHORT SUBJECT (Live Action),"John Astin, Producer",Prelude,False
1968,1969,41,SHORT SUBJECT (Live Action),"Charles Guggenheim, Producer",Robert Kennedy Remembered,True
1968,1969,41,SOUND,Warner Bros.-Seven Arts Studio Sound Department,Bullitt,False
1968,1969,41,SOUND,Warner Bros.-Seven Arts Studio Sound Department,Finian's Rainbow,False
1968,1969,41,SOUND,Columbia Studio Sound Department,Funny Girl,False
1968,1969,41,SOUND,Shepperton Studio Sound Department,Oliver!,True
1968,1969,41,SOUND,20th Century-Fox Studio Sound Department,Star!,False
1968,1969,41,SPECIAL VISUAL EFFECTS,"Hal Millar, J. McMillan Johnson",Ice Station Zebra,False
1968,1969,41,SPECIAL VISUAL EFFECTS,Stanley Kubrick,2001: A Space Odyssey,True
1968,1969,41,WRITING (Screenplay--based on material from another medium),James Goldman,The Lion in Winter,True
1968,1969,41,WRITING (Screenplay--based on material from another medium),Neil Simon,The Odd Couple,False
1968,1969,41,WRITING (Screenplay--based on material from another medium),Vernon Harris,Oliver!,False
1968,1969,41,WRITING (Screenplay--based on material from another medium),Stewart Stern,"Rachel, Rachel",False
1968,1969,41,WRITING (Screenplay--based on material from another medium),Roman Polanski,Rosemary's Baby,False
1968,1969,41,WRITING (Story and Screenplay--written directly for the screen),"Franco Solinas, Gillo Pontecorvo",The Battle of Algiers,False
1968,1969,41,WRITING (Story and Screenplay--written directly for the screen),John Cassavetes,Faces,False
1968,1969,41,WRITING (Story and Screenplay--written directly for the screen),"Ira Wallach, Peter Ustinov",Hot Millions,False
1968,1969,41,WRITING (Story and Screenplay--written directly for the screen),Mel Brooks,The Producers,True
1968,1969,41,WRITING (Story and Screenplay--written directly for the screen),"Stanley Kubrick, Arthur C. Clarke",2001: A Space Odyssey,False
1968,1969,41,JEAN HERSHOLT HUMANITARIAN AWARD,Martha Raye,,True
1968,1969,41,HONORARY AWARD, John Chambers for his outstanding makeup achievement for Planet of the Apes.,,True
1968,1969,41,HONORARY AWARD, Onna White for her outstanding choreography achievement for Oliver!,,True
1969,1970,42,ACTOR,Richard Burton,Anne of the Thousand Days,False
1969,1970,42,ACTOR,Dustin Hoffman,Midnight Cowboy,False
1969,1970,42,ACTOR,Peter O'Toole,"Goodbye, Mr. Chips",False
1969,1970,42,ACTOR,Jon Voight,Midnight Cowboy,False
1969,1970,42,ACTOR,John Wayne,True Grit,True
1969,1970,42,ACTOR IN A SUPPORTING ROLE,Rupert Crosse,The Reivers,False
1969,1970,42,ACTOR IN A SUPPORTING ROLE,Elliott Gould,Bob & Carol & Ted & Alice,False
1969,1970,42,ACTOR IN A SUPPORTING ROLE,Jack Nicholson,Easy Rider,False
1969,1970,42,ACTOR IN A SUPPORTING ROLE,Anthony Quayle,Anne of the Thousand Days,False
1969,1970,42,ACTOR IN A SUPPORTING ROLE,Gig Young,"They Shoot Horses, Don't They?",True
1969,1970,42,ACTRESS,Genevieve Bujold,Anne of the Thousand Days,False
1969,1970,42,ACTRESS,Jane Fonda,"They Shoot Horses, Don't They?",False
1969,1970,42,ACTRESS,Liza Minnelli,The Sterile Cuckoo,False
1969,1970,42,ACTRESS,Jean Simmons,The Happy Ending,False
1969,1970,42,ACTRESS,Maggie Smith,The Prime of Miss Jean Brodie,True
1969,1970,42,ACTRESS IN A SUPPORTING ROLE,Catherine Burns,Last Summer,False
1969,1970,42,ACTRESS IN A SUPPORTING ROLE,Dyan Cannon,Bob & Carol & Ted & Alice,False
1969,1970,42,ACTRESS IN A SUPPORTING ROLE,Goldie Hawn,Cactus Flower,True
1969,1970,42,ACTRESS IN A SUPPORTING ROLE,Sylvia Miles,Midnight Cowboy,False
1969,1970,42,ACTRESS IN A SUPPORTING ROLE,Susannah York,"They Shoot Horses, Don't They?",False
1969,1970,42,ART DIRECTION,"Art Direction:  Maurice Carter, Lionel Couch;  Set Decoration:  Patrick McLoughlin",Anne of the Thousand Days,False
1969,1970,42,ART DIRECTION,"Art Direction:  Robert Boyle, George B. Chan;  Set Decoration:  Edward Boyle, Carl Biddiscombe","Gaily, Gaily",False
1969,1970,42,ART DIRECTION,"Art Direction:  John DeCuir, Jack Martin Smith, Herman Blumenthal;  Set Decoration:  Walter M. Scott, George Hopkins, Raphael Bretton","Hello, Dolly!",True
1969,1970,42,ART DIRECTION,"Art Direction:  Alexander Golitzen, George C. Webb;  Set Decoration:  Jack D. Moore",Sweet Charity,False
1969,1970,42,ART DIRECTION,Art Direction:  Harry Horner;  Set Decoration:  Frank McKelvy,"They Shoot Horses, Don't They?",False
1969,1970,42,CINEMATOGRAPHY,Arthur Ibbetson,Anne of the Thousand Days,False
1969,1970,42,CINEMATOGRAPHY,Charles B. Lang,Bob & Carol & Ted & Alice,False
1969,1970,42,CINEMATOGRAPHY,Conrad Hall,Butch Cassidy and the Sundance Kid,True
1969,1970,42,CINEMATOGRAPHY,Harry Stradling,"Hello, Dolly!",False
1969,1970,42,CINEMATOGRAPHY,Daniel Fapp,Marooned,False
1969,1970,42,COSTUME DESIGN,Margaret Furse,Anne of the Thousand Days,True
1969,1970,42,COSTUME DESIGN,Ray Aghayan,"Gaily, Gaily",False
1969,1970,42,COSTUME DESIGN,Irene Sharaff,"Hello, Dolly!",False
1969,1970,42,COSTUME DESIGN,Edith Head,Sweet Charity,False
1969,1970,42,COSTUME DESIGN,Donfeld,"They Shoot Horses, Don't They?",False
1969,1970,42,DIRECTING,Arthur Penn,Alice's Restaurant,False
1969,1970,42,DIRECTING,George Roy Hill,Butch Cassidy and the Sundance Kid,False
1969,1970,42,DIRECTING,John Schlesinger,Midnight Cowboy,True
1969,1970,42,DIRECTING,Sydney Pollack,"They Shoot Horses, Don't They?",False
1969,1970,42,DIRECTING,Costa-Gavras,Z,False
1969,1970,42,DOCUMENTARY (Feature),"Bernard Chevry, Producer",Arthur Rubinstein - The Love of Life,True
1969,1970,42,DOCUMENTARY (Feature),"Robert K. Sharpe, Producer",Before the Mountain Was Moved,False
1969,1970,42,DOCUMENTARY (Feature),"Emile de Antonio, Producer",In the Year of the Pig,False
1969,1970,42,DOCUMENTARY (Feature),Comite Organizador de los Juegos de la XIX Olimpiada,The Olympics in Mexico,False
1969,1970,42,DOCUMENTARY (Feature),"Irwin Rosten, Producer",The Wolf Men,False
1969,1970,42,DOCUMENTARY (Short Subject),"Denis Sanders and Robert M. Fresco, Producers",Czechoslovakia 1968,True
1969,1970,42,DOCUMENTARY (Short Subject),"Donald Wrye, Producer",An Impression of John Steinbeck: Writer,False
1969,1970,42,DOCUMENTARY (Short Subject),"Joan Horvath, Producer",Jenny Is a Good Thing,False
1969,1970,42,DOCUMENTARY (Short Subject),"Arthur H. Wolf and Russell A. Mosser, Producers",Leo Beuerman,False
1969,1970,42,DOCUMENTARY (Short Subject),"Joan Keller Stern, Producer",The Magic Machines,False
1969,1970,42,FILM EDITING,William Reynolds,"Hello, Dolly!",False
1969,1970,42,FILM EDITING,Hugh A. Robertson,Midnight Cowboy,False
1969,1970,42,FILM EDITING,"William Lyon, Earle Herdan",The Secret of Santa Vittoria,False
1969,1970,42,FILM EDITING,Fredric Steinkamp,"They Shoot Horses, Don't They?",False
1969,1970,42,FILM EDITING,Françoise Bonnot,Z,True
1969,1970,42,FOREIGN LANGUAGE FILM,Sweden,Ådalen '31,False
1969,1970,42,FOREIGN LANGUAGE FILM,Yugoslavia,The Battle of Neretva,False
1969,1970,42,FOREIGN LANGUAGE FILM,Union of Soviet Socialist Republics,The Brothers Karamazov,False
1969,1970,42,FOREIGN LANGUAGE FILM,France,My Night at Maud's,False
1969,1970,42,FOREIGN LANGUAGE FILM,Algeria,Z,True
1969,1970,42,MUSIC (Original Score--for a motion picture [not a musical]),Georges Delerue,Anne of the Thousand Days,False
1969,1970,42,MUSIC (Original Score--for a motion picture [not a musical]),Burt Bacharach,Butch Cassidy and the Sundance Kid,True
1969,1970,42,MUSIC (Original Score--for a motion picture [not a musical]),John Williams,The Reivers,False
1969,1970,42,MUSIC (Original Score--for a motion picture [not a musical]),Ernest Gold,The Secret of Santa Vittoria,False
1969,1970,42,MUSIC (Original Score--for a motion picture [not a musical]),Jerry Fielding,The Wild Bunch,False
1969,1970,42,MUSIC (Score of a Musical Picture--original or adaptation),Music and lyrics by Leslie Bricusse; adaptation score by John Williams,"Goodbye, Mr. Chips",False
1969,1970,42,MUSIC (Score of a Musical Picture--original or adaptation),Adaptation score by Lennie Hayton and Lionel Newman,"Hello, Dolly!",True
1969,1970,42,MUSIC (Score of a Musical Picture--original or adaptation),Adaptation score by Nelson Riddle,Paint Your Wagon,False
1969,1970,42,MUSIC (Score of a Musical Picture--original or adaptation),Adaptation score by Cy Coleman,Sweet Charity,False
1969,1970,42,MUSIC (Score of a Musical Picture--original or adaptation),Adaptation score by John Green and Albert Woodbury,"They Shoot Horses, Don't They?",False
1969,1970,42,MUSIC (Song--Original for the Picture),Music by Fred Karlin; Lyrics by Dory Previn,The Sterile Cuckoo,False
1969,1970,42,MUSIC (Song--Original for the Picture),Music and Lyrics by Rod McKuen,The Prime of Miss Jean Brodie,False
1969,1970,42,MUSIC (Song--Original for the Picture),Music by Burt Bacharach; Lyrics by Hal David,Butch Cassidy and the Sundance Kid,True
1969,1970,42,MUSIC (Song--Original for the Picture),Music by Elmer Bernstein; Lyrics by Don Black,True Grit,False
1969,1970,42,MUSIC (Song--Original for the Picture),Music by Michel Legrand; Lyrics by Alan Bergman and Marilyn Bergman,The Happy Ending,False
1969,1970,42,BEST PICTURE,"Hal B. Wallis, Producer",Anne of the Thousand Days,False
1969,1970,42,BEST PICTURE,"John Foreman, Producer",Butch Cassidy and the Sundance Kid,False
1969,1970,42,BEST PICTURE,"Ernest Lehman, Producer","Hello, Dolly!",False
1969,1970,42,BEST PICTURE,"Jerome Hellman, Producer",Midnight Cowboy,True
1969,1970,42,BEST PICTURE,"Jacques Perrin and Hamed Rachedi, Producers",Z,False
1969,1970,42,SHORT SUBJECT (Cartoon),"Ward Kimball, Producer",It's Tough to Be a Bird,True
1969,1970,42,SHORT SUBJECT (Cartoon),"John Hubley and Faith Hubley, Producers",Of Men and Demons,False
1969,1970,42,SHORT SUBJECT (Cartoon),"Ryan Larkin, Producer",Walking,False
1969,1970,42,SHORT SUBJECT (Live Action),"Doug Jackson, Producer",Blake,False
1969,1970,42,SHORT SUBJECT (Live Action),"Joan Keller Stern, Producer",The Magic Machines,True
1969,1970,42,SHORT SUBJECT (Live Action),"Marc Merson, Producer",People Soup,False
1969,1970,42,SOUND,John Aldred,Anne of the Thousand Days,False
1969,1970,42,SOUND,"William Edmondson, David Dockendorf",Butch Cassidy and the Sundance Kid,False
1969,1970,42,SOUND,"Robert Martin, Clem Portman","Gaily, Gaily",False
1969,1970,42,SOUND,"Jack Solomon, Murray Spivack","Hello, Dolly!",True
1969,1970,42,SOUND,"Les Fresholtz, Arthur Piantadosi",Marooned,False
1969,1970,42,SPECIAL VISUAL EFFECTS,"Eugene Lourie, Alex Weldon","Krakatoa, East of Java",False
1969,1970,42,SPECIAL VISUAL EFFECTS,Robbie Robertson,Marooned,True
1969,1970,42,WRITING (Screenplay--based on material from another medium),"Screenplay by John Hale, Bridget Boland;  Adaptation by Richard Sokolove",Anne of the Thousand Days,False
1969,1970,42,WRITING (Screenplay--based on material from another medium),Arnold Schulman,"Goodbye, Columbus",False
1969,1970,42,WRITING (Screenplay--based on material from another medium),Waldo Salt,Midnight Cowboy,True
1969,1970,42,WRITING (Screenplay--based on material from another medium),"James Poe, Robert E. Thompson","They Shoot Horses, Don't They?",False
1969,1970,42,WRITING (Screenplay--based on material from another medium),"Jorge Semprun, Costa-Gavras",Z,False
1969,1970,42,WRITING (Story and Screenplay--based on material not previously published or produced),"Paul Mazursky, Larry Tucker",Bob & Carol & Ted & Alice,False
1969,1970,42,WRITING (Story and Screenplay--based on material not previously published or produced),William Goldman,Butch Cassidy and the Sundance Kid,True
1969,1970,42,WRITING (Story and Screenplay--based on material not previously published or produced),"Story by Nicola Badalucco;   Screenplay by Nicola Badalucco, Enrico Medioli, Luchino Visconti",The Damned,False
1969,1970,42,WRITING (Story and Screenplay--based on material not previously published or produced),"Peter Fonda, Dennis Hopper, Terry Southern",Easy Rider,False
1969,1970,42,WRITING (Story and Screenplay--based on material not previously published or produced),"Story by Walon Green, Roy N. Sickner;  Screenplay by Walon Green, Sam Peckinpah",The Wild Bunch,False
1969,1970,42,JEAN HERSHOLT HUMANITARIAN AWARD,George Jessel,,True
1969,1970,42,HONORARY AWARD, Cary Grant for his unique mastery of the art of screen acting with the respect and affection of his colleagues.,,True
1970,1971,43,ACTOR,Melvyn Douglas,I Never Sang for My Father,False
1970,1971,43,ACTOR,James Earl Jones,The Great White Hope,False
1970,1971,43,ACTOR,Jack Nicholson,Five Easy Pieces,False
1970,1971,43,ACTOR,Ryan O'Neal,Love Story,False
1970,1971,43,ACTOR,George C. Scott,Patton,True
1970,1971,43,ACTOR IN A SUPPORTING ROLE,Richard Castellano,Lovers and Other Strangers,False
1970,1971,43,ACTOR IN A SUPPORTING ROLE,Chief Dan George,Little Big Man,False
1970,1971,43,ACTOR IN A SUPPORTING ROLE,Gene Hackman,I Never Sang for My Father,False
1970,1971,43,ACTOR IN A SUPPORTING ROLE,John Marley,Love Story,False
1970,1971,43,ACTOR IN A SUPPORTING ROLE,John Mills,Ryan's Daughter,True
1970,1971,43,ACTRESS,Jane Alexander,The Great White Hope,False
1970,1971,43,ACTRESS,Glenda Jackson,Women in Love,True
1970,1971,43,ACTRESS,Ali MacGraw,Love Story,False
1970,1971,43,ACTRESS,Sarah Miles,Ryan's Daughter,False
1970,1971,43,ACTRESS,Carrie Snodgress,Diary of a Mad Housewife,False
1970,1971,43,ACTRESS IN A SUPPORTING ROLE,Karen Black,Five Easy Pieces,False
1970,1971,43,ACTRESS IN A SUPPORTING ROLE,Lee Grant,The Landlord,False
1970,1971,43,ACTRESS IN A SUPPORTING ROLE,Helen Hayes,Airport,True
1970,1971,43,ACTRESS IN A SUPPORTING ROLE,Sally Kellerman,M*A*S*H,False
1970,1971,43,ACTRESS IN A SUPPORTING ROLE,Maureen Stapleton,Airport,False
1970,1971,43,ART DIRECTION,"Art Direction:  Alexander Golitzen, E. Preston Ames;  Set Decoration:  Jack D. Moore, Mickey S. Michaels",Airport,False
1970,1971,43,ART DIRECTION,Art Direction:  Tambi Larsen;  Set Decoration:  Darrell Silvera,The Molly Maguires,False
1970,1971,43,ART DIRECTION,"Art Direction:  Urie McCleary, Gil Parrondo;  Set Decoration:  Antonio Mateos, Pierre-Louis Thevenet",Patton,True
1970,1971,43,ART DIRECTION,"Art Direction:  Terry Marsh, Bob Cartwright;  Set Decoration:  Pamela Cornell",Scrooge,False
1970,1971,43,ART DIRECTION,"Art Direction:  Jack Martin Smith, Yoshiro Muraki, Richard Day, Taizoh Kawashima;  Set Decoration:  Walter M. Scott, Norman Rockett, Carl Biddiscombe",Tora! Tora! Tora!,False
1970,1971,43,CINEMATOGRAPHY,Ernest Laszlo,Airport,False
1970,1971,43,CINEMATOGRAPHY,Fred Koenekamp,Patton,False
1970,1971,43,CINEMATOGRAPHY,Freddie Young,Ryan's Daughter,True
1970,1971,43,CINEMATOGRAPHY,"Charles F. Wheeler, Osami Furuya, Sinsaku Himeda, Masamichi Satoh",Tora! Tora! Tora!,False
1970,1971,43,CINEMATOGRAPHY,Billy Williams,Women in Love,False
1970,1971,43,COSTUME DESIGN,Edith Head,Airport,False
1970,1971,43,COSTUME DESIGN,Nino Novarese,Cromwell,True
1970,1971,43,COSTUME DESIGN,"Donald Brooks, Jack Bear",Darling Lili,False
1970,1971,43,COSTUME DESIGN,Bill Thomas,The Hawaiians,False
1970,1971,43,COSTUME DESIGN,Margaret Furse,Scrooge,False
1970,1971,43,DIRECTING,Federico Fellini,Fellini Satyricon,False
1970,1971,43,DIRECTING,Arthur Hiller,Love Story,False
1970,1971,43,DIRECTING,Robert Altman,M*A*S*H,False
1970,1971,43,DIRECTING,Franklin J. Schaffner,Patton,True
1970,1971,43,DIRECTING,Ken Russell,Women in Love,False
1970,1971,43,DOCUMENTARY (Feature),"Dr. Harald Reinl, Producer",Chariots of the Gods,False
1970,1971,43,DOCUMENTARY (Feature),"Jim Jacobs, Producer",Jack Johnson,False
1970,1971,43,DOCUMENTARY (Feature),"Ely Landau, Producer",King: A Filmed Record...Montgomery to Memphis,False
1970,1971,43,DOCUMENTARY (Feature),"David H. Vowell, Producer",Say Goodbye,False
1970,1971,43,DOCUMENTARY (Feature),"Bob Maurice, Producer",Woodstock,True
1970,1971,43,DOCUMENTARY (Short Subject),"Robert McBride, Producer",The Gifts,False
1970,1971,43,DOCUMENTARY (Short Subject),"Joseph Strick, Producer",Interviews with My Lai Veterans,True
1970,1971,43,DOCUMENTARY (Short Subject),"Bob Aller, Producer",A Long Way from Nowhere,False
1970,1971,43,DOCUMENTARY (Short Subject),"Vivien Carey and Patrick Carey, Producers",Oisin,False
1970,1971,43,DOCUMENTARY (Short Subject),"Horst Dallmayr and Robert Menegoz, Producers",Time Is Running Out,False
1970,1971,43,FILM EDITING,Stuart Gilmore,Airport,False
1970,1971,43,FILM EDITING,Danford B. Greene,M*A*S*H,False
1970,1971,43,FILM EDITING,Hugh S. Fowler,Patton,True
1970,1971,43,FILM EDITING,"James E. Newcom, Pembroke J. Herring, Inoue Chikaya",Tora! Tora! Tora!,False
1970,1971,43,FILM EDITING,Thelma Schoonmaker,Woodstock,False
1970,1971,43,FOREIGN LANGUAGE FILM,Switzerland,First Love,False
1970,1971,43,FOREIGN LANGUAGE FILM,France,Hoa-Binh,False
1970,1971,43,FOREIGN LANGUAGE FILM,Italy,Investigation of a Citizen above Suspicion,True
1970,1971,43,FOREIGN LANGUAGE FILM,Belgium,Paix Sur Les Champs,False
1970,1971,43,FOREIGN LANGUAGE FILM,Spain,Tristana,False
1970,1971,43,MUSIC (Original Score),Alfred Newman,Airport,False
1970,1971,43,MUSIC (Original Score),Frank Cordell,Cromwell,False
1970,1971,43,MUSIC (Original Score),Francis Lai,Love Story,True
1970,1971,43,MUSIC (Original Score),Jerry Goldsmith,Patton,False
1970,1971,43,MUSIC (Original Score),Henry Mancini,Sunflower,False
1970,1971,43,MUSIC (Original Song Score),Music by Fred Karlin; lyrics by Tylwyth Kymry,The Baby Maker,False
1970,1971,43,MUSIC (Original Song Score),"Music by Rod McKuen and John Scott Trotter; lyrics by Rod McKuen, Bill Melendez and Al Shean; adaptation score by Vince Guaraldi",A Boy Named Charlie Brown,False
1970,1971,43,MUSIC (Original Song Score),Music by Henry Mancini; lyrics by Johnny Mercer,Darling Lili,False
1970,1971,43,MUSIC (Original Song Score),Music and lyrics by The Beatles,Let It Be,True
1970,1971,43,MUSIC (Original Song Score),Music and lyrics by Leslie Bricusse; adaptation score by Ian Fraser and Herbert W. Spencer,Scrooge,False
1970,1971,43,MUSIC (Song--Original for the Picture),Music by Fred Karlin; Lyrics by Robb Royer (aka Robb Wilson) and James Griffin (aka Arthur James),Lovers and Other Strangers,True
1970,1971,43,MUSIC (Song--Original for the Picture),Music by Michel Legrand; Lyrics by Alan Bergman and Marilyn Bergman,Pieces of Dreams,False
1970,1971,43,MUSIC (Song--Original for the Picture),Music and Lyrics by Leslie Bricusse,Scrooge,False
1970,1971,43,MUSIC (Song--Original for the Picture),Music by Riz Ortolani; Lyrics by Arthur Hamilton,Madron,False
1970,1971,43,MUSIC (Song--Original for the Picture),Music by Henry Mancini; Lyrics by Johnny Mercer,Darling Lili,False
1970,1971,43,BEST PICTURE,"Ross Hunter, Producer",Airport,False
1970,1971,43,BEST PICTURE,"Bob Rafelson and Richard Wechsler, Producers",Five Easy Pieces,False
1970,1971,43,BEST PICTURE,"Howard G. Minsky, Producer",Love Story,False
1970,1971,43,BEST PICTURE,"Ingo Preminger, Producer",M*A*S*H,False
1970,1971,43,BEST PICTURE,"Frank McCarthy, Producer",Patton,True
1970,1971,43,SHORT SUBJECT (Cartoon),"Robert Mitchell and Dale Case, Producers",The Further Adventures of Uncle Sam: Part Two,False
1970,1971,43,SHORT SUBJECT (Cartoon),"Nick Bosustow, Producer",Is It Always Right to Be Right?,True
1970,1971,43,SHORT SUBJECT (Cartoon),"Cameron Guess, Producer",The Shepherd,False
1970,1971,43,SHORT SUBJECT (Live Action),"John Longenecker, Producer",The Resurrection of Broncho Billy,True
1970,1971,43,SHORT SUBJECT (Live Action),"Robert Siegler, Producer",Shut Up...I'm Crying,False
1970,1971,43,SHORT SUBJECT (Live Action),"John Hancock, Producer",Sticky My Fingers...Fleet My Feet,False
1970,1971,43,SOUND,"Ronald Pierce, David Moriarty",Airport,False
1970,1971,43,SOUND,"Douglas Williams, Don Bassman",Patton,True
1970,1971,43,SOUND,"Gordon K. McCallum, John Bramall",Ryan's Daughter,False
1970,1971,43,SOUND,"Murray Spivack, Herman Lewis",Tora! Tora! Tora!,False
1970,1971,43,SOUND,"Dan Wallin, Larry Johnson",Woodstock,False
1970,1971,43,SPECIAL VISUAL EFFECTS,Alex Weldon,Patton,False
1970,1971,43,SPECIAL VISUAL EFFECTS,"A. D. Flowers, L. B. Abbott",Tora! Tora! Tora!,True
1970,1971,43,WRITING (Screenplay--based on material from another medium),George Seaton,Airport,False
1970,1971,43,WRITING (Screenplay--based on material from another medium),Robert Anderson,I Never Sang for My Father,False
1970,1971,43,WRITING (Screenplay--based on material from another medium),"Renee Taylor, Joseph Bologna, David Zelag Goodman",Lovers and Other Strangers,False
1970,1971,43,WRITING (Screenplay--based on material from another medium),"Ring Lardner, Jr.",M*A*S*H,True
1970,1971,43,WRITING (Screenplay--based on material from another medium),Larry Kramer,Women in Love,False
1970,1971,43,WRITING (Story and Screenplay--based on factual material or material not previously published or produced),"Story by Bob Rafelson, Adrien Joyce;  Screenplay by Adrien Joyce",Five Easy Pieces,False
1970,1971,43,WRITING (Story and Screenplay--based on factual material or material not previously published or produced),Norman Wexler,Joe,False
1970,1971,43,WRITING (Story and Screenplay--based on factual material or material not previously published or produced),Erich Segal,Love Story,False
1970,1971,43,WRITING (Story and Screenplay--based on factual material or material not previously published or produced),Eric Rohmer,My Night at Maud's,False
1970,1971,43,WRITING (Story and Screenplay--based on factual material or material not previously published or produced),"Francis Ford Coppola, Edmund H. North",Patton,True
1970,1971,43,JEAN HERSHOLT HUMANITARIAN AWARD,Frank Sinatra,,True
1970,1971,43,HONORARY AWARD, Lillian Gish for superlative artistry and for distinguished contribution to the progress of motion pictures.,,True
1970,1971,43,HONORARY AWARD, Orson Welles for superlative artistry and versatility in the creation of motion pictures.,,True
1970,1971,43,IRVING G. THALBERG MEMORIAL AWARD,Ingmar Bergman,,True
1971,1972,44,ACTOR,Peter Finch,Sunday Bloody Sunday,False
1971,1972,44,ACTOR,Gene Hackman,The French Connection,True
1971,1972,44,ACTOR,Walter Matthau,Kotch,False
1971,1972,44,ACTOR,George C. Scott,The Hospital,False
1971,1972,44,ACTOR,Topol,Fiddler on the Roof,False
1971,1972,44,ACTOR IN A SUPPORTING ROLE,Jeff Bridges,The Last Picture Show,False
1971,1972,44,ACTOR IN A SUPPORTING ROLE,Leonard Frey,Fiddler on the Roof,False
1971,1972,44,ACTOR IN A SUPPORTING ROLE,Richard Jaeckel,Sometimes a Great Notion,False
1971,1972,44,ACTOR IN A SUPPORTING ROLE,Ben Johnson,The Last Picture Show,True
1971,1972,44,ACTOR IN A SUPPORTING ROLE,Roy Scheider,The French Connection,False
1971,1972,44,ACTRESS,Julie Christie,McCabe & Mrs. Miller,False
1971,1972,44,ACTRESS,Jane Fonda,Klute,True
1971,1972,44,ACTRESS,Glenda Jackson,Sunday Bloody Sunday,False
1971,1972,44,ACTRESS,Vanessa Redgrave,"Mary, Queen of Scots",False
1971,1972,44,ACTRESS,Janet Suzman,Nicholas and Alexandra,False
1971,1972,44,ACTRESS IN A SUPPORTING ROLE,Ann-Margret,Carnal Knowledge,False
1971,1972,44,ACTRESS IN A SUPPORTING ROLE,Ellen Burstyn,The Last Picture Show,False
1971,1972,44,ACTRESS IN A SUPPORTING ROLE,Barbara Harris,Who Is Harry Kellerman and Why Is He Saying Those Terrible Things about Me?,False
1971,1972,44,ACTRESS IN A SUPPORTING ROLE,Cloris Leachman,The Last Picture Show,True
1971,1972,44,ACTRESS IN A SUPPORTING ROLE,Margaret Leighton,The Go-Between,False
1971,1972,44,ART DIRECTION,"Art Direction:  Boris Leven, William Tuntke;  Set Decoration:  Ruby Levitt",The Andromeda Strain,False
1971,1972,44,ART DIRECTION,"Art Direction:  John B. Mansbridge, Peter Ellenshaw;  Set Decoration:  Emile Kuri, Hal Gausman",Bedknobs and Broomsticks,False
1971,1972,44,ART DIRECTION,"Art Direction:  Robert Boyle, Michael Stringer;  Set Decoration:  Peter Lamont",Fiddler on the Roof,False
1971,1972,44,ART DIRECTION,"Art Direction:  Terence Marsh, Robert Cartwright;  Set Decoration:  Peter Howitt","Mary, Queen of Scots",False
1971,1972,44,ART DIRECTION,"Art Direction:  John Box, Ernest Archer, Jack Maxsted, Gil Parrondo;  Set Decoration:  Vernon Dixon",Nicholas and Alexandra,True
1971,1972,44,CINEMATOGRAPHY,Oswald Morris,Fiddler on the Roof,True
1971,1972,44,CINEMATOGRAPHY,Owen Roizman,The French Connection,False
1971,1972,44,CINEMATOGRAPHY,Robert Surtees,The Last Picture Show,False
1971,1972,44,CINEMATOGRAPHY,Freddie Young,Nicholas and Alexandra,False
1971,1972,44,CINEMATOGRAPHY,Robert Surtees,Summer of '42,False
1971,1972,44,COSTUME DESIGN,Bill Thomas,Bedknobs and Broomsticks,False
1971,1972,44,COSTUME DESIGN,Piero Tosi,Death in Venice,False
1971,1972,44,COSTUME DESIGN,Margaret Furse,"Mary, Queen of Scots",False
1971,1972,44,COSTUME DESIGN,"Yvonne Blake, Antonio Castillo",Nicholas and Alexandra,True
1971,1972,44,COSTUME DESIGN,Morton Haack,What's the Matter with Helen?,False
1971,1972,44,DIRECTING,Stanley Kubrick,A Clockwork Orange,False
1971,1972,44,DIRECTING,Norman Jewison,Fiddler on the Roof,False
1971,1972,44,DIRECTING,William Friedkin,The French Connection,True
1971,1972,44,DIRECTING,Peter Bogdanovich,The Last Picture Show,False
1971,1972,44,DIRECTING,John Schlesinger,Sunday Bloody Sunday,False
1971,1972,44,DOCUMENTARY (Feature),"Alan Landsburg, Producer",Alaska Wilderness Lake,False
1971,1972,44,DOCUMENTARY (Feature),"Walon Green, Producer",The Hellstrom Chronicle,True
1971,1972,44,DOCUMENTARY (Feature),"Bruce Brown, Producer",On Any Sunday,False
1971,1972,44,DOCUMENTARY (Feature),"Lennart Ehrenborg and Thor Heyerdahl, Producers",The RA Expeditions,False
1971,1972,44,DOCUMENTARY (Feature),"Marcel Ophuls, Producer",The Sorrow and the Pity,False
1971,1972,44,DOCUMENTARY (Short Subject),"Han van Gelder, Producer",Adventures in Perception,False
1971,1972,44,DOCUMENTARY (Short Subject),"Julian Krainin and DeWitt L. Sage, Jr., Producers",Art Is...,False
1971,1972,44,DOCUMENTARY (Short Subject),"Donald Wrye, Producer",The Numbers Start with the River,False
1971,1972,44,DOCUMENTARY (Short Subject),"Manuel Arango and Robert Amram, Producers",Sentinels of Silence,True
1971,1972,44,DOCUMENTARY (Short Subject),"Hal Riney, Dick Snider and Sherwood Omens, Producers",Somebody Waiting,False
1971,1972,44,FILM EDITING,"Stuart Gilmore, John W. Holmes",The Andromeda Strain,False
1971,1972,44,FILM EDITING,Bill Butler,A Clockwork Orange,False
1971,1972,44,FILM EDITING,Jerry Greenberg,The French Connection,True
1971,1972,44,FILM EDITING,Ralph E. Winters,Kotch,False
1971,1972,44,FILM EDITING,Folmar Blangsted,Summer of '42,False
1971,1972,44,FOREIGN LANGUAGE FILM,Japan,Dodes'ka-Den,False
1971,1972,44,FOREIGN LANGUAGE FILM,Sweden,The Emigrants,False
1971,1972,44,FOREIGN LANGUAGE FILM,Italy,The Garden of the Finzi Continis,True
1971,1972,44,FOREIGN LANGUAGE FILM,Israel,The Policeman,False
1971,1972,44,FOREIGN LANGUAGE FILM,Union of Soviet Socialist Republics,Tchaikovsky,False
1971,1972,44,MUSIC (Original Dramatic Score),John Barry,"Mary, Queen of Scots",False
1971,1972,44,MUSIC (Original Dramatic Score),Richard Rodney Bennett,Nicholas and Alexandra,False
1971,1972,44,MUSIC (Original Dramatic Score),Isaac Hayes,Shaft,False
1971,1972,44,MUSIC (Original Dramatic Score),Jerry Fielding,Straw Dogs,False
1971,1972,44,MUSIC (Original Dramatic Score),Michel Legrand,Summer of '42,True
1971,1972,44,MUSIC (Scoring: Adaptation and Original Song Score),Song Score by Richard M. Sherman and Robert B. Sherman; Adaptation Score by Irwin Kostal,Bedknobs and Broomsticks,False
1971,1972,44,MUSIC (Scoring: Adaptation and Original Song Score),Adaptation Score by Peter Maxwell Davies and Peter Greenwell,The Boy Friend,False
1971,1972,44,MUSIC (Scoring: Adaptation and Original Song Score),Adaptation Score by John Williams,Fiddler on the Roof,True
1971,1972,44,MUSIC (Scoring: Adaptation and Original Song Score),Adaptation Score by Dimitri Tiomkin,Tchaikovsky,False
1971,1972,44,MUSIC (Scoring: Adaptation and Original Song Score),Song Score by Leslie Bricusse and Anthony Newley; Adaptation Score by Walter Scharf,Willy Wonka and the Chocolate Factory,False
1971,1972,44,MUSIC (Song--Original for the Picture),Music and Lyrics by Richard M. Sherman and Robert B. Sherman,Bedknobs and Broomsticks,False
1971,1972,44,MUSIC (Song--Original for the Picture),Music by Henry Mancini; Lyrics by Alan Bergman and Marilyn Bergman,Sometimes a Great Notion,False
1971,1972,44,MUSIC (Song--Original for the Picture),"Music and Lyrics by Barry DeVorzon and Perry Botkin, Jr.",Bless the Beasts & Children,False
1971,1972,44,MUSIC (Song--Original for the Picture),Music by Marvin Hamlisch; Lyrics by Johnny Mercer,Kotch,False
1971,1972,44,MUSIC (Song--Original for the Picture),Music and Lyrics by Isaac Hayes,Shaft,True
1971,1972,44,BEST PICTURE,"Stanley Kubrick, Producer",A Clockwork Orange,False
1971,1972,44,BEST PICTURE,"Norman Jewison, Producer",Fiddler on the Roof,False
1971,1972,44,BEST PICTURE,"Philip D'Antoni, Producer",The French Connection,True
1971,1972,44,BEST PICTURE,"Stephen J. Friedman, Producer",The Last Picture Show,False
1971,1972,44,BEST PICTURE,"Sam Spiegel, Producer",Nicholas and Alexandra,False
1971,1972,44,SHORT SUBJECT (Animated),"Ted Petok, Producer",The Crunch Bird,True
1971,1972,44,SHORT SUBJECT (Animated),"Michael Mills, Producer",Evolution,False
1971,1972,44,SHORT SUBJECT (Animated),"Peter Sander and Murray Shostak, Producers",The Selfish Giant,False
1971,1972,44,SHORT SUBJECT (Live Action),"Denny Evans and Ken Greenwald, Producers",Good Morning,False
1971,1972,44,SHORT SUBJECT (Live Action),"Stephen F. Verona, Producer",The Rehearsal,False
1971,1972,44,SHORT SUBJECT (Live Action),"Manuel Arango and Robert Amram, Producers",Sentinels of Silence,True
1971,1972,44,SOUND,"Gordon K. McCallum, John Mitchell, Alfred J. Overton",Diamonds Are Forever,False
1971,1972,44,SOUND,"Gordon K. McCallum, David Hildyard",Fiddler on the Roof,True
1971,1972,44,SOUND,"Theodore Soderberg, Christopher Newman",The French Connection,False
1971,1972,44,SOUND,"Richard Portman, Jack Solomon",Kotch,False
1971,1972,44,SOUND,"Bob Jones, John Aldred","Mary, Queen of Scots",False
1971,1972,44,SPECIAL VISUAL EFFECTS,"Alan Maley, Eustace Lycett, Danny Lee",Bedknobs and Broomsticks,True
1971,1972,44,SPECIAL VISUAL EFFECTS,"Jim Danforth, Roger Dicken",When Dinosaurs Ruled the Earth,False
1971,1972,44,WRITING (Screenplay--based on material from another medium),Stanley Kubrick,A Clockwork Orange,False
1971,1972,44,WRITING (Screenplay--based on material from another medium),Bernardo Bertolucci,The Conformist,False
1971,1972,44,WRITING (Screenplay--based on material from another medium),Ernest Tidyman,The French Connection,True
1971,1972,44,WRITING (Screenplay--based on material from another medium),"Ugo Pirro, Vittorio Bonicelli",The Garden of the Finzi Continis,False
1971,1972,44,WRITING (Screenplay--based on material from another medium),"Larry McMurtry, Peter Bogdanovich",The Last Picture Show,False
1971,1972,44,WRITING (Story and Screenplay--based on factual material or material not previously published or produced),Paddy Chayefsky,The Hospital,True
1971,1972,44,WRITING (Story and Screenplay--based on factual material or material not previously published or produced),"Elio Petri, Ugo Pirro",Investigation of a Citizen above Suspicion,False
1971,1972,44,WRITING (Story and Screenplay--based on factual material or material not previously published or produced),"Andy Lewis, Dave Lewis",Klute,False
1971,1972,44,WRITING (Story and Screenplay--based on factual material or material not previously published or produced),Herman Raucher,Summer of '42,False
1971,1972,44,WRITING (Story and Screenplay--based on factual material or material not previously published or produced),Penelope Gilliatt,Sunday Bloody Sunday,False
1971,1972,44,HONORARY AWARD, Charles Chaplin for the incalculable effect he has had in making motion pictures the art form of this century.,,True
1972,1973,45,ACTOR,Marlon Brando,The Godfather,True
1972,1973,45,ACTOR,Michael Caine,Sleuth,False
1972,1973,45,ACTOR,Laurence Olivier,Sleuth,False
1972,1973,45,ACTOR,Peter O'Toole,The Ruling Class,False
1972,1973,45,ACTOR,Paul Winfield,Sounder,False
1972,1973,45,ACTOR IN A SUPPORTING ROLE,Eddie Albert,The Heartbreak Kid,False
1972,1973,45,ACTOR IN A SUPPORTING ROLE,James Caan,The Godfather,False
1972,1973,45,ACTOR IN A SUPPORTING ROLE,Robert Duvall,The Godfather,False
1972,1973,45,ACTOR IN A SUPPORTING ROLE,Joel Grey,Cabaret,True
1972,1973,45,ACTOR IN A SUPPORTING ROLE,Al Pacino,The Godfather,False
1972,1973,45,ACTRESS,Liza Minnelli,Cabaret,True
1972,1973,45,ACTRESS,Diana Ross,Lady Sings the Blues,False
1972,1973,45,ACTRESS,Maggie Smith,Travels with My Aunt,False
1972,1973,45,ACTRESS,Cicely Tyson,Sounder,False
1972,1973,45,ACTRESS,Liv Ullmann,The Emigrants,False
1972,1973,45,ACTRESS IN A SUPPORTING ROLE,Jeannie Berlin,The Heartbreak Kid,False
1972,1973,45,ACTRESS IN A SUPPORTING ROLE,Eileen Heckart,Butterflies Are Free,True
1972,1973,45,ACTRESS IN A SUPPORTING ROLE,Geraldine Page,Pete 'n' Tillie,False
1972,1973,45,ACTRESS IN A SUPPORTING ROLE,Susan Tyrrell,Fat City,False
1972,1973,45,ACTRESS IN A SUPPORTING ROLE,Shelley Winters,The Poseidon Adventure,False
1972,1973,45,ART DIRECTION,"Art Direction:  Rolf Zehetbauer, Jurgen Kiebach;  Set Decoration:  Herbert Strabel",Cabaret,True
1972,1973,45,ART DIRECTION,Art Direction:  Carl Anderson;  Set Decoration:  Reg Allen,Lady Sings the Blues,False
1972,1973,45,ART DIRECTION,Art Direction:  William Creber;  Set Decoration:  Raphael Bretton,The Poseidon Adventure,False
1972,1973,45,ART DIRECTION,"Art Direction:  John Box, Gil Parrondo, Robert W. Laing",Travels with My Aunt,False
1972,1973,45,ART DIRECTION,"Art Direction:  Geoffrey Drake, Don Ashton, John Graysmark, William Hutchinson;  Set Decoration:  Peter James",Young Winston,False
1972,1973,45,CINEMATOGRAPHY,Charles B. Lang,Butterflies Are Free,False
1972,1973,45,CINEMATOGRAPHY,Geoffrey Unsworth,Cabaret,True
1972,1973,45,CINEMATOGRAPHY,Harold E. Stine,The Poseidon Adventure,False
1972,1973,45,CINEMATOGRAPHY,"Harry Stradling, Jr.",1776,False
1972,1973,45,CINEMATOGRAPHY,Douglas Slocombe,Travels with My Aunt,False
1972,1973,45,COSTUME DESIGN,Anna Hill Johnstone,The Godfather,False
1972,1973,45,COSTUME DESIGN,"Bob Mackie, Ray Aghayan, Norma Koch",Lady Sings the Blues,False
1972,1973,45,COSTUME DESIGN,Paul Zastupnevich,The Poseidon Adventure,False
1972,1973,45,COSTUME DESIGN,Anthony Powell,Travels with My Aunt,True
1972,1973,45,COSTUME DESIGN,Anthony Mendleson,Young Winston,False
1972,1973,45,DIRECTING,Bob Fosse,Cabaret,True
1972,1973,45,DIRECTING,John Boorman,Deliverance,False
1972,1973,45,DIRECTING,Jan Troell,The Emigrants,False
1972,1973,45,DIRECTING,Francis Ford Coppola,The Godfather,False
1972,1973,45,DIRECTING,Joseph L. Mankiewicz,Sleuth,False
1972,1973,45,DOCUMENTARY (Feature),"Bert Haanstra, Producer",Ape and Super-Ape,False
1972,1973,45,DOCUMENTARY (Feature),"Marvin Worth and Arnold Perl, Producers",Malcolm X,False
1972,1973,45,DOCUMENTARY (Feature),"Robert Hendrickson and Laurence Merrick, Producers",Manson,False
1972,1973,45,DOCUMENTARY (Feature),"Howard Smith and Sarah Kernochan, Producers",Marjoe,True
1972,1973,45,DOCUMENTARY (Feature),"Eckehard Munck, Producer",The Silent Revolution,False
1972,1973,45,DOCUMENTARY (Short Subject),"Peter Schamoni, Producer",Hundertwasser's Rainy Day,False
1972,1973,45,DOCUMENTARY (Short Subject),"Giorgio Treves, Producer",K-Z,False
1972,1973,45,DOCUMENTARY (Short Subject),"Tadeusz Jaworski, Producer",Selling Out,False
1972,1973,45,DOCUMENTARY (Short Subject),"Charles Huguenot van der Linden and Martina Huguenot van der Linden, Producers",This Tiny World,True
1972,1973,45,DOCUMENTARY (Short Subject),"Humphrey Swingler, Producer",The Tide of Traffic,False
1972,1973,45,FILM EDITING,David Bretherton,Cabaret,True
1972,1973,45,FILM EDITING,Tom Priestley,Deliverance,False
1972,1973,45,FILM EDITING,"William Reynolds, Peter Zinner",The Godfather,False
1972,1973,45,FILM EDITING,"Frank P. Keller, Fred W. Berger",The Hot Rock,False
1972,1973,45,FILM EDITING,Harold F. Kress,The Poseidon Adventure,False
1972,1973,45,FOREIGN LANGUAGE FILM,Union of Soviet Socialist Republics,The Dawns Here Are Quiet,False
1972,1973,45,FOREIGN LANGUAGE FILM,France,The Discreet Charm of the Bourgeoisie,True
1972,1973,45,FOREIGN LANGUAGE FILM,Israel,I Love You Rosa,False
1972,1973,45,FOREIGN LANGUAGE FILM,Spain,My Dearest Señorita,False
1972,1973,45,FOREIGN LANGUAGE FILM,Sweden,The New Land,False
1972,1973,45,MUSIC (Original Dramatic Score),Nino Rota,The Godfather,False
1972,1973,45,MUSIC (Original Dramatic Score),John Williams,images,False
1972,1973,45,MUSIC (Original Dramatic Score),"Charles Chaplin, Raymond Rasch, Larry Russell",Limelight,True
1972,1973,45,MUSIC (Original Dramatic Score),Buddy Baker,Napoleon and Samantha,False
1972,1973,45,MUSIC (Original Dramatic Score),John Williams,The Poseidon Adventure,False
1972,1973,45,MUSIC (Original Dramatic Score),John Addison,Sleuth,False
1972,1973,45,MUSIC (Scoring: Adaptation and Original Song Score),Adaptation Score by Ralph Burns,Cabaret,True
1972,1973,45,MUSIC (Scoring: Adaptation and Original Song Score),Adaptation Score by Gil Askey,Lady Sings the Blues,False
1972,1973,45,MUSIC (Scoring: Adaptation and Original Song Score),Adaptation Score by Laurence Rosenthal,Man of La Mancha,False
1972,1973,45,MUSIC (Song--Original for the Picture),Music by Walter Scharf; Lyrics by Don Black,Ben,False
1972,1973,45,MUSIC (Song--Original for the Picture),Music by Fred Karlin; Lyrics by Marsha Karlin,The Little Ark,False
1972,1973,45,MUSIC (Song--Original for the Picture),Music by Maurice Jarre; Lyrics by Marilyn Bergman and Alan Bergman,The Life and Times of Judge Roy Bean,False
1972,1973,45,MUSIC (Song--Original for the Picture),Music and Lyrics by Al Kasha and Joel Hirschhorn,The Poseidon Adventure,True
1972,1973,45,MUSIC (Song--Original for the Picture),Music by Sammy Fain; Lyrics by Paul Francis Webster,The Stepmother,False
1972,1973,45,BEST PICTURE,"Cy Feuer, Producer",Cabaret,False
1972,1973,45,BEST PICTURE,"John Boorman, Producer",Deliverance,False
1972,1973,45,BEST PICTURE,"Bengt Forslund, Producer",The Emigrants,False
1972,1973,45,BEST PICTURE,"Albert S. Ruddy, Producer",The Godfather,True
1972,1973,45,BEST PICTURE,"Robert B. Radnitz, Producer",Sounder,False
1972,1973,45,SHORT SUBJECT (Animated),"Richard Williams, Producer",A Christmas Carol,True
1972,1973,45,SHORT SUBJECT (Animated),"Bob Godfrey, Producer",Kama Sutra Rides Again,False
1972,1973,45,SHORT SUBJECT (Animated),"Nedeljko Dragic, Producer",Tup Tup,False
1972,1973,45,SHORT SUBJECT (Live Action),"Ron Satlof and Ray Gideon, Producers",Frog Story,False
1972,1973,45,SHORT SUBJECT (Live Action),"Richard Barclay, Producer",Norman Rockwell's World...An American Dream,True
1972,1973,45,SHORT SUBJECT (Live Action),"David Adams, Producer",Solo,False
1972,1973,45,SOUND,"Arthur Piantadosi, Charles Knight",Butterflies Are Free,False
1972,1973,45,SOUND,"Robert Knudson, David Hildyard",Cabaret,True
1972,1973,45,SOUND,"Richard Portman, Gene Cantamessa",The Candidate,False
1972,1973,45,SOUND,"Bud Grenzbach, Richard Portman, Christopher Newman",The Godfather,False
1972,1973,45,SOUND,"Theodore Soderberg, Herman Lewis",The Poseidon Adventure,False
1972,1973,45,WRITING (Screenplay--based on material from another medium),Jay Allen,Cabaret,False
1972,1973,45,WRITING (Screenplay--based on material from another medium),"Jan Troell, Bengt Forslund",The Emigrants,False
1972,1973,45,WRITING (Screenplay--based on material from another medium),"Mario Puzo, Francis Ford Coppola",The Godfather,True
1972,1973,45,WRITING (Screenplay--based on material from another medium),Julius J. Epstein,Pete 'n' Tillie,False
1972,1973,45,WRITING (Screenplay--based on material from another medium),"Lonne Elder, III",Sounder,False
1972,1973,45,WRITING (Story and Screenplay--based on factual material or material not previously published or produced),Jeremy Larner,The Candidate,True
1972,1973,45,WRITING (Story and Screenplay--based on factual material or material not previously published or produced),Story and Screenplay by Luis Buñuel;  in collaboration with Jean-Claude Carrière,The Discreet Charm of the Bourgeoisie,False
1972,1973,45,WRITING (Story and Screenplay--based on factual material or material not previously published or produced),"Terence McCloy, Chris Clark, Suzanne de Passe",Lady Sings the Blues,False
1972,1973,45,WRITING (Story and Screenplay--based on factual material or material not previously published or produced),Louis Malle,Murmur of the Heart,False
1972,1973,45,WRITING (Story and Screenplay--based on factual material or material not previously published or produced),Carl Foreman,Young Winston,False
1972,1973,45,SPECIAL ACHIEVEMENT AWARD (Visual Effects),"L. B. Abbott, A. D. Flowers",The Poseidon Adventure,True
1972,1973,45,JEAN HERSHOLT HUMANITARIAN AWARD,Rosalind Russell,,True
1972,1973,45,HONORARY AWARD, Charles S. Boren,,True
1972,1973,45,HONORARY AWARD, Edward G. Robinson who achieved greatness as a player,,True
1973,1974,46,ACTOR,Marlon Brando,Last Tango in Paris,False
1973,1974,46,ACTOR,Jack Lemmon,Save the Tiger,True
1973,1974,46,ACTOR,Jack Nicholson,The Last Detail,False
1973,1974,46,ACTOR,Al Pacino,Serpico,False
1973,1974,46,ACTOR,Robert Redford,The Sting,False
1973,1974,46,ACTOR IN A SUPPORTING ROLE,Vincent Gardenia,Bang the Drum Slowly,False
1973,1974,46,ACTOR IN A SUPPORTING ROLE,Jack Gilford,Save the Tiger,False
1973,1974,46,ACTOR IN A SUPPORTING ROLE,John Houseman,The Paper Chase,True
1973,1974,46,ACTOR IN A SUPPORTING ROLE,Jason Miller,The Exorcist,False
1973,1974,46,ACTOR IN A SUPPORTING ROLE,Randy Quaid,The Last Detail,False
1973,1974,46,ACTRESS,Ellen Burstyn,The Exorcist,False
1973,1974,46,ACTRESS,Glenda Jackson,A Touch of Class,True
1973,1974,46,ACTRESS,Marsha Mason,Cinderella Liberty,False
1973,1974,46,ACTRESS,Barbra Streisand,The Way We Were,False
1973,1974,46,ACTRESS,Joanne Woodward,"Summer Wishes, Winter Dreams",False
1973,1974,46,ACTRESS IN A SUPPORTING ROLE,Linda Blair,The Exorcist,False
1973,1974,46,ACTRESS IN A SUPPORTING ROLE,Candy Clark,American Graffiti,False
1973,1974,46,ACTRESS IN A SUPPORTING ROLE,Madeline Kahn,Paper Moon,False
1973,1974,46,ACTRESS IN A SUPPORTING ROLE,Tatum O'Neal,Paper Moon,True
1973,1974,46,ACTRESS IN A SUPPORTING ROLE,Sylvia Sidney,"Summer Wishes, Winter Dreams",False
1973,1974,46,ART DIRECTION,"Art Direction:  Lorenzo Mongiardino, Gianni Quaranta;  Set Decoration:  Carmelo Patrono",Brother Sun Sister Moon,False
1973,1974,46,ART DIRECTION,Art Direction:  Bill Malley;  Set Decoration:  Jerry Wunderlich,The Exorcist,False
1973,1974,46,ART DIRECTION,Art Direction:  Henry Bumstead;  Set Decoration:  James Payne,The Sting,True
1973,1974,46,ART DIRECTION,Art Direction:  Philip Jefferies;  Set Decoration:  Robert de Vestel,Tom Sawyer,False
1973,1974,46,ART DIRECTION,Art Direction:  Stephen Grimes;  Set Decoration:  William Kiernan,The Way We Were,False
1973,1974,46,CINEMATOGRAPHY,Sven Nykvist,Cries and Whispers,True
1973,1974,46,CINEMATOGRAPHY,Owen Roizman,The Exorcist,False
1973,1974,46,CINEMATOGRAPHY,Jack Couffer,Jonathan Livingston Seagull,False
1973,1974,46,CINEMATOGRAPHY,Robert Surtees,The Sting,False
1973,1974,46,CINEMATOGRAPHY,"Harry Stradling, Jr.",The Way We Were,False
1973,1974,46,COSTUME DESIGN,Marik Vos,Cries and Whispers,False
1973,1974,46,COSTUME DESIGN,Piero Tosi,Ludwig,False
1973,1974,46,COSTUME DESIGN,Edith Head,The Sting,True
1973,1974,46,COSTUME DESIGN,Donfeld,Tom Sawyer,False
1973,1974,46,COSTUME DESIGN,"Dorothy Jeakins, Moss Mabry",The Way We Were,False
1973,1974,46,DIRECTING,George Lucas,American Graffiti,False
1973,1974,46,DIRECTING,Ingmar Bergman,Cries and Whispers,False
1973,1974,46,DIRECTING,William Friedkin,The Exorcist,False
1973,1974,46,DIRECTING,Bernardo Bertolucci,Last Tango in Paris,False
1973,1974,46,DIRECTING,George Roy Hill,The Sting,True
1973,1974,46,DOCUMENTARY (Feature),"John D. Goodell, Producer",Always a New Beginning,False
1973,1974,46,DOCUMENTARY (Feature),"Bengt von zur Muehlen, Producer",Battle of Berlin,False
1973,1974,46,DOCUMENTARY (Feature),"Kieth Merrill, Producer",The Great American Cowboy,True
1973,1974,46,DOCUMENTARY (Feature),"Alex Grasshoff, Producer",Journey to the Outer Limits,False
1973,1974,46,DOCUMENTARY (Feature),"Gertrude Ross Marks and Edmund F. Penney, Producers",Walls of Fire,False
1973,1974,46,DOCUMENTARY (Short Subject),"Carmen D'Avino, Producer",Background,False
1973,1974,46,DOCUMENTARY (Short Subject),"Louis Marcus, Producer",Children at Work (Paisti Ag Obair),False
1973,1974,46,DOCUMENTARY (Short Subject),"Albert Maysles and David Maysles, Producers",Christo's Valley Curtain,False
1973,1974,46,DOCUMENTARY (Short Subject),"Terry Sanders and June Wayne, Producers",Four Stones for Kanemitsu,False
1973,1974,46,DOCUMENTARY (Short Subject),"Julian Krainin and DeWitt L. Sage, Jr., Producers",Princeton: A Search for Answers,True
1973,1974,46,FILM EDITING,"Verna Fields, Marcia Lucas",American Graffiti,False
1973,1974,46,FILM EDITING,Ralph Kemplen,The Day of the Jackal,False
1973,1974,46,FILM EDITING,"Jordan Leondopoulos, Bud Smith, Evan Lottman, Norman Gay",The Exorcist,False
1973,1974,46,FILM EDITING,"Frank P. Keller, James Galloway",Jonathan Livingston Seagull,False
1973,1974,46,FILM EDITING,William Reynolds,The Sting,True
1973,1974,46,FOREIGN LANGUAGE FILM,France,Day for Night,True
1973,1974,46,FOREIGN LANGUAGE FILM,Israel,The House on Chelouche Street,False
1973,1974,46,FOREIGN LANGUAGE FILM,Switzerland,L'Invitation,False
1973,1974,46,FOREIGN LANGUAGE FILM,West Germany,The Pedestrian,False
1973,1974,46,FOREIGN LANGUAGE FILM,The Netherlands,Turkish Delight,False
1973,1974,46,MUSIC (Original Dramatic Score),John Williams,Cinderella Liberty,False
1973,1974,46,MUSIC (Original Dramatic Score),Georges Delerue,The Day of the Dolphin,False
1973,1974,46,MUSIC (Original Dramatic Score),Jerry Goldsmith,Papillon,False
1973,1974,46,MUSIC (Original Dramatic Score),John Cameron,A Touch of Class,False
1973,1974,46,MUSIC (Original Dramatic Score),Marvin Hamlisch,The Way We Were,True
1973,1974,46,MUSIC (Scoring: Original Song Score and Adaptation -or- Scoring: Adaptation),"Adaptation Score by Andre Previn, Herbert Spencer and Andrew Lloyd Webber",Jesus Christ Superstar,False
1973,1974,46,MUSIC (Scoring: Original Song Score and Adaptation -or- Scoring: Adaptation),Adaptation Score by Marvin Hamlisch,The Sting,True
1973,1974,46,MUSIC (Scoring: Original Song Score and Adaptation -or- Scoring: Adaptation),Song Score by Richard M. Sherman and Robert B. Sherman; Adaptation Score by John Williams,Tom Sawyer,False
1973,1974,46,MUSIC (Song),Music by George Barrie; Lyrics by Sammy Cahn,A Touch of Class,False
1973,1974,46,MUSIC (Song),Music and Lyrics by Paul McCartney and Linda McCartney,Live and Let Die,False
1973,1974,46,MUSIC (Song),Music by George Bruns; Lyrics by Floyd Huddleston,Robin Hood,False
1973,1974,46,MUSIC (Song),Music by John Williams; Lyrics by Paul Williams,Cinderella Liberty,False
1973,1974,46,MUSIC (Song),Music by Marvin Hamlisch; Lyrics by Alan Bergman and Marilyn Bergman,The Way We Were,True
1973,1974,46,BEST PICTURE,"Francis Ford Coppola, Producer;  Gary Kurtz, Co-Producer",American Graffiti,False
1973,1974,46,BEST PICTURE,"Ingmar Bergman, Producer",Cries and Whispers,False
1973,1974,46,BEST PICTURE,"William Peter Blatty, Producer",The Exorcist,False
1973,1974,46,BEST PICTURE,"Tony Bill, Michael Phillips and Julia Phillips, Producers",The Sting,True
1973,1974,46,BEST PICTURE,"Melvin Frank, Producer",A Touch of Class,False
1973,1974,46,SHORT SUBJECT (Animated),"Frank Mouris, Producer",Frank Film,True
1973,1974,46,SHORT SUBJECT (Animated),"Nick Bosustow and David Adams, Producers",The Legend of John Henry,False
1973,1974,46,SHORT SUBJECT (Animated),"Emanuele Luzzati and Giulio Gianini, Producers",Pulcinella,False
1973,1974,46,SHORT SUBJECT (Live Action),"Allan Miller and William Fertik, Producers",The Bolero,True
1973,1974,46,SHORT SUBJECT (Live Action),"Richard Gayer, Producer",Clockmaker,False
1973,1974,46,SHORT SUBJECT (Live Action),"Pen Densham and John Watson, Producers",Life Times Nine,False
1973,1974,46,SOUND,"Richard Portman, Lawrence O. Jost",The Day of the Dolphin,False
1973,1974,46,SOUND,"Robert Knudson, Chris Newman",The Exorcist,True
1973,1974,46,SOUND,"Donald O. Mitchell, Lawrence O. Jost",The Paper Chase,False
1973,1974,46,SOUND,"Richard Portman, Les Fresholtz",Paper Moon,False
1973,1974,46,SOUND,"Ronald K. Pierce, Robert Bertrand",The Sting,False
1973,1974,46,WRITING (Screenplay--based on material from another medium),William Peter Blatty,The Exorcist,True
1973,1974,46,WRITING (Screenplay--based on material from another medium),Robert Towne,The Last Detail,False
1973,1974,46,WRITING (Screenplay--based on material from another medium),James Bridges,The Paper Chase,False
1973,1974,46,WRITING (Screenplay--based on material from another medium),Alvin Sargent,Paper Moon,False
1973,1974,46,WRITING (Screenplay--based on material from another medium),"Waldo Salt, Norman Wexler",Serpico,False
1973,1974,46,WRITING (Story and Screenplay--based on factual material or material not previously published or produced),"George Lucas, Gloria Katz, Willard Huyck",American Graffiti,False
1973,1974,46,WRITING (Story and Screenplay--based on factual material or material not previously published or produced),Ingmar Bergman,Cries and Whispers,False
1973,1974,46,WRITING (Story and Screenplay--based on factual material or material not previously published or produced),Steve Shagan,Save the Tiger,False
1973,1974,46,WRITING (Story and Screenplay--based on factual material or material not previously published or produced),David S. Ward,The Sting,True
1973,1974,46,WRITING (Story and Screenplay--based on factual material or material not previously published or produced),"Melvin Frank, Jack Rose",A Touch of Class,False
1973,1974,46,JEAN HERSHOLT HUMANITARIAN AWARD,Lew Wasserman,,True
1973,1974,46,HONORARY AWARD, Henri Langlois for his devotion to the art of film,,True
1973,1974,46,HONORARY AWARD, Groucho Marx in recognition of his brilliant creativity and for the unequalled achievements of the Marx Brothers in the art of motion picture comedy.,,True
1973,1974,46,IRVING G. THALBERG MEMORIAL AWARD,Lawrence Weingarten,,True
1974,1975,47,ACTOR,Art Carney,Harry and Tonto,True
1974,1975,47,ACTOR,Albert Finney,Murder on the Orient Express,False
1974,1975,47,ACTOR,Dustin Hoffman,Lenny,False
1974,1975,47,ACTOR,Jack Nicholson,Chinatown,False
1974,1975,47,ACTOR,Al Pacino,The Godfather Part II,False
1974,1975,47,ACTOR IN A SUPPORTING ROLE,Fred Astaire,The Towering Inferno,False
1974,1975,47,ACTOR IN A SUPPORTING ROLE,Jeff Bridges,Thunderbolt and Lightfoot,False
1974,1975,47,ACTOR IN A SUPPORTING ROLE,Robert De Niro,The Godfather Part II,True
1974,1975,47,ACTOR IN A SUPPORTING ROLE,Michael V. Gazzo,The Godfather Part II,False
1974,1975,47,ACTOR IN A SUPPORTING ROLE,Lee Strasberg,The Godfather Part II,False
1974,1975,47,ACTRESS,Ellen Burstyn,Alice Doesn't Live Here Anymore,True
1974,1975,47,ACTRESS,Diahann Carroll,Claudine,False
1974,1975,47,ACTRESS,Faye Dunaway,Chinatown,False
1974,1975,47,ACTRESS,Valerie Perrine,Lenny,False
1974,1975,47,ACTRESS,Gena Rowlands,A Woman under the Influence,False
1974,1975,47,ACTRESS IN A SUPPORTING ROLE,Ingrid Bergman,Murder on the Orient Express,True
1974,1975,47,ACTRESS IN A SUPPORTING ROLE,Valentina Cortese,Day for Night,False
1974,1975,47,ACTRESS IN A SUPPORTING ROLE,Madeline Kahn,Blazing Saddles,False
1974,1975,47,ACTRESS IN A SUPPORTING ROLE,Diane Ladd,Alice Doesn't Live Here Anymore,False
1974,1975,47,ACTRESS IN A SUPPORTING ROLE,Talia Shire,The Godfather Part II,False
1974,1975,47,ART DIRECTION,"Art Direction:  Richard Sylbert, W. Stewart Campbell;  Set Decoration:  Ruby Levitt",Chinatown,False
1974,1975,47,ART DIRECTION,"Art Direction:  Alexander Golitzen, E. Preston Ames;  Set Decoration:  Frank McKelvy",Earthquake,False
1974,1975,47,ART DIRECTION,"Art Direction:  Dean Tavoularis, Angelo Graham;  Set Decoration:  George R. Nelson",The Godfather Part II,True
1974,1975,47,ART DIRECTION,"Art Direction:  Peter Ellenshaw, John B. Mansbridge, Walter Tyler, Al Roelofs;  Set Decoration:  Hal Gausman",The Island at the Top of the World,False
1974,1975,47,ART DIRECTION,"Art Direction:  William Creber, Ward Preston;  Set Decoration:  Raphael Bretton",The Towering Inferno,False
1974,1975,47,CINEMATOGRAPHY,John A. Alonzo,Chinatown,False
1974,1975,47,CINEMATOGRAPHY,Philip Lathrop,Earthquake,False
1974,1975,47,CINEMATOGRAPHY,Bruce Surtees,Lenny,False
1974,1975,47,CINEMATOGRAPHY,Geoffrey Unsworth,Murder on the Orient Express,False
1974,1975,47,CINEMATOGRAPHY,"Fred Koenekamp, Joseph Biroc",The Towering Inferno,True
1974,1975,47,COSTUME DESIGN,Anthea Sylbert,Chinatown,False
1974,1975,47,COSTUME DESIGN,John Furness,Daisy Miller,False
1974,1975,47,COSTUME DESIGN,Theadora Van Runkle,The Godfather Part II,False
1974,1975,47,COSTUME DESIGN,Theoni V. Aldredge,The Great Gatsby,True
1974,1975,47,COSTUME DESIGN,Tony Walton,Murder on the Orient Express,False
1974,1975,47,DIRECTING,Roman Polanski,Chinatown,False
1974,1975,47,DIRECTING,Francois Truffaut,Day for Night,False
1974,1975,47,DIRECTING,Francis Ford Coppola,The Godfather Part II,True
1974,1975,47,DIRECTING,Bob Fosse,Lenny,False
1974,1975,47,DIRECTING,John Cassavetes,A Woman under the Influence,False
1974,1975,47,DOCUMENTARY (Feature),"Judy Collins and Jill Godmilow, Producers",Antonia: A Portrait of the Woman,False
1974,1975,47,DOCUMENTARY (Feature),"Herbert Kline, Producer",The Challenge...A Tribute to Modern Art,False
1974,1975,47,DOCUMENTARY (Feature),"Jacquot Ehrlich, David Bergman and Haim Gouri, Producers",The 81st Blow,False
1974,1975,47,DOCUMENTARY (Feature),"Peter Davis and Bert Schneider, Producers",Hearts and Minds,True
1974,1975,47,DOCUMENTARY (Feature),"Natalie R. Jones and Eugene S. Jones, Producers",The Wild and the Brave,False
1974,1975,47,DOCUMENTARY (Short Subject),"Francis Thompson, Producer",City Out of Wilderness,False
1974,1975,47,DOCUMENTARY (Short Subject),"Robin Lehman, Producer",Don't,True
1974,1975,47,DOCUMENTARY (Short Subject),"Jon Boorstin, Producer",Exploratorium,False
1974,1975,47,DOCUMENTARY (Short Subject),"Dewitt Jones and Lesley Foster, Producers",John Muir's High Sierra,False
1974,1975,47,DOCUMENTARY (Short Subject),"Ronald S. Kass and Mervyn Lloyd, Producers",Naked Yoga,False
1974,1975,47,FILM EDITING,"John C. Howard, Danford Greene",Blazing Saddles,False
1974,1975,47,FILM EDITING,Sam O'Steen,Chinatown,False
1974,1975,47,FILM EDITING,Dorothy Spencer,Earthquake,False
1974,1975,47,FILM EDITING,Michael Luciano,The Longest Yard,False
1974,1975,47,FILM EDITING,"Harold F. Kress, Carl Kress",The Towering Inferno,True
1974,1975,47,FOREIGN LANGUAGE FILM,Italy,Amarcord,True
1974,1975,47,FOREIGN LANGUAGE FILM,Hungary,Cats' Play,False
1974,1975,47,FOREIGN LANGUAGE FILM,Poland,The Deluge,False
1974,1975,47,FOREIGN LANGUAGE FILM,France,"Lacombe, Lucien",False
1974,1975,47,FOREIGN LANGUAGE FILM,Argentina,The Truce,False
1974,1975,47,MUSIC (Original Dramatic Score),Jerry Goldsmith,Chinatown,False
1974,1975,47,MUSIC (Original Dramatic Score),"Nino Rota, Carmine Coppola",The Godfather Part II,True
1974,1975,47,MUSIC (Original Dramatic Score),Richard Rodney Bennett,Murder on the Orient Express,False
1974,1975,47,MUSIC (Original Dramatic Score),Alex North,Shanks,False
1974,1975,47,MUSIC (Original Dramatic Score),John Williams,The Towering Inferno,False
1974,1975,47,MUSIC (Scoring: Original Song Score and Adaptation -or- Scoring: Adaptation),Adaptation Score by Nelson Riddle,The Great Gatsby,True
1974,1975,47,MUSIC (Scoring: Original Song Score and Adaptation -or- Scoring: Adaptation),Song Score by Alan Jay Lerner and Frederick Loewe; Adaptation Score by Angela Morley and Douglas Gamley,The Little Prince,False
1974,1975,47,MUSIC (Scoring: Original Song Score and Adaptation -or- Scoring: Adaptation),Song Score by Paul Williams; Adaptation Score by Paul Williams and George Aliceson Tipton,Phantom of the Paradise,False
1974,1975,47,MUSIC (Song),Music by Euel Box; Lyrics by Betty Box,Benji,False
1974,1975,47,MUSIC (Song),Music by John Morris; Lyrics by Mel Brooks,Blazing Saddles,False
1974,1975,47,MUSIC (Song),Music by Frederick Loewe; Lyrics by Alan Jay Lerner,The Little Prince,False
1974,1975,47,MUSIC (Song),Music and Lyrics by Al Kasha and Joel Hirschhorn,The Towering Inferno,True
1974,1975,47,MUSIC (Song),Music by Elmer Bernstein; Lyrics by Don Black,Gold,False
1974,1975,47,BEST PICTURE,"Robert Evans, Producer",Chinatown,False
1974,1975,47,BEST PICTURE,"Francis Ford Coppola, Producer;  Fred Roos, Co-Producer",The Conversation,False
1974,1975,47,BEST PICTURE,"Francis Ford Coppola, Producer;  Gray Frederickson and Fred Roos, Co-Producers",The Godfather Part II,True
1974,1975,47,BEST PICTURE,"Marvin Worth, Producer",Lenny,False
1974,1975,47,BEST PICTURE,"Irwin Allen, Producer",The Towering Inferno,False
1974,1975,47,SHORT FILM (Animated),"Will Vinton and Bob Gardiner, Producers",Closed Mondays,True
1974,1975,47,SHORT FILM (Animated),"Yvon Mallette and Robert Verrall, Producers",The Family That Dwelt Apart,False
1974,1975,47,SHORT FILM (Animated),"Peter Foldes and René Jodoin, Producers",Hunger,False
1974,1975,47,SHORT FILM (Animated),"Faith Hubley and John Hubley, Producers",Voyage to Next,False
1974,1975,47,SHORT FILM (Animated),"Wolfgang Reitherman, Producer",Winnie the Pooh and Tigger Too,False
1974,1975,47,SHORT FILM (Live Action),"Dewitt Jones, Producer",Climb,False
1974,1975,47,SHORT FILM (Live Action),"Julian Chagrin and Claude Chagrin, Producers",The Concert,False
1974,1975,47,SHORT FILM (Live Action),"Paul Claudon and Edmond Sechan, Producers",One-Eyed Men Are Kings,True
1974,1975,47,SHORT FILM (Live Action),"George V. Casey, Producer",Planet Ocean,False
1974,1975,47,SHORT FILM (Live Action),"Andrew Welsh and George Pastic, Producers",The Violin,False
1974,1975,47,SOUND,"Bud Grenzbach, Larry Jost",Chinatown,False
1974,1975,47,SOUND,"Walter Murch, Arthur Rochester",The Conversation,False
1974,1975,47,SOUND,"Ronald Pierce, Melvin Metcalfe, Sr.",Earthquake,True
1974,1975,47,SOUND,"Theodore Soderberg, Herman Lewis",The Towering Inferno,False
1974,1975,47,SOUND,"Richard Portman, Gene Cantamessa",Young Frankenstein,False
1974,1975,47,WRITING (Original Screenplay),Robert Getchell,Alice Doesn't Live Here Anymore,False
1974,1975,47,WRITING (Original Screenplay),Robert Towne,Chinatown,True
1974,1975,47,WRITING (Original Screenplay),Francis Ford Coppola,The Conversation,False
1974,1975,47,WRITING (Original Screenplay),"Francois Truffaut, Jean-Louis Richard, Suzanne Schiffman",Day for Night,False
1974,1975,47,WRITING (Original Screenplay),"Paul Mazursky, Josh Greenfeld",Harry and Tonto,False
1974,1975,47,WRITING (Screenplay Adapted from Other Material),Screenplay by Mordecai Richler;  Adaptation by Lionel Chetwynd,The Apprenticeship of Duddy Kravitz,False
1974,1975,47,WRITING (Screenplay Adapted from Other Material),"Francis Ford Coppola, Mario Puzo",The Godfather Part II,True
1974,1975,47,WRITING (Screenplay Adapted from Other Material),Julian Barry,Lenny,False
1974,1975,47,WRITING (Screenplay Adapted from Other Material),Paul Dehn,Murder on the Orient Express,False
1974,1975,47,WRITING (Screenplay Adapted from Other Material),"Gene Wilder, Mel Brooks",Young Frankenstein,False
1974,1975,47,SPECIAL ACHIEVEMENT AWARD (Visual Effects),"Frank Brendel, Glen Robinson, Albert Whitlock",Earthquake,True
1974,1975,47,JEAN HERSHOLT HUMANITARIAN AWARD,Arthur B. Krim,,True
1974,1975,47,HONORARY AWARD, Howard Hawks - A master American filmmaker whose creative efforts hold a distinguished place in world cinema.,,True
1974,1975,47,HONORARY AWARD, Jean Renoir - a genius who,,True
1975,1976,48,ACTOR,Walter Matthau,The Sunshine Boys,False
1975,1976,48,ACTOR,Jack Nicholson,One Flew over the Cuckoo's Nest,True
1975,1976,48,ACTOR,Al Pacino,Dog Day Afternoon,False
1975,1976,48,ACTOR,Maximilian Schell,The Man in the Glass Booth,False
1975,1976,48,ACTOR,James Whitmore,"Give 'em Hell, Harry!",False
1975,1976,48,ACTOR IN A SUPPORTING ROLE,George Burns,The Sunshine Boys,True
1975,1976,48,ACTOR IN A SUPPORTING ROLE,Brad Dourif,One Flew over the Cuckoo's Nest,False
1975,1976,48,ACTOR IN A SUPPORTING ROLE,Burgess Meredith,The Day of the Locust,False
1975,1976,48,ACTOR IN A SUPPORTING ROLE,Chris Sarandon,Dog Day Afternoon,False
1975,1976,48,ACTOR IN A SUPPORTING ROLE,Jack Warden,Shampoo,False
1975,1976,48,ACTRESS,Isabelle Adjani,The Story of Adele H.,False
1975,1976,48,ACTRESS,Ann-Margret,Tommy,False
1975,1976,48,ACTRESS,Louise Fletcher,One Flew over the Cuckoo's Nest,True
1975,1976,48,ACTRESS,Glenda Jackson,Hedda,False
1975,1976,48,ACTRESS,Carol Kane,Hester Street,False
1975,1976,48,ACTRESS IN A SUPPORTING ROLE,Ronee Blakley,Nashville,False
1975,1976,48,ACTRESS IN A SUPPORTING ROLE,Lee Grant,Shampoo,True
1975,1976,48,ACTRESS IN A SUPPORTING ROLE,Sylvia Miles,"Farewell, My Lovely",False
1975,1976,48,ACTRESS IN A SUPPORTING ROLE,Lily Tomlin,Nashville,False
1975,1976,48,ACTRESS IN A SUPPORTING ROLE,Brenda Vaccaro,Jacqueline Susann's Once Is Not Enough,False
1975,1976,48,ART DIRECTION,"Art Direction:  Ken Adam, Roy Walker;  Set Decoration:  Vernon Dixon",Barry Lyndon,True
1975,1976,48,ART DIRECTION,Art Direction:  Edward Carfagno;  Set Decoration:  Frank McKelvy,The Hindenburg,False
1975,1976,48,ART DIRECTION,"Art Direction:  Alexander Trauner, Tony Inglis;  Set Decoration:  Peter James",The Man Who Would Be King,False
1975,1976,48,ART DIRECTION,"Art Direction:  Richard Sylbert, W. Stewart Campbell;  Set Decoration:  George Gaines",Shampoo,False
1975,1976,48,ART DIRECTION,Art Direction:  Albert Brenner;  Set Decoration:  Marvin March,The Sunshine Boys,False
1975,1976,48,CINEMATOGRAPHY,John Alcott,Barry Lyndon,True
1975,1976,48,CINEMATOGRAPHY,Conrad Hall,The Day of the Locust,False
1975,1976,48,CINEMATOGRAPHY,James Wong Howe,Funny Lady,False
1975,1976,48,CINEMATOGRAPHY,Robert Surtees,The Hindenburg,False
1975,1976,48,CINEMATOGRAPHY,"Haskell Wexler, Bill Butler",One Flew over the Cuckoo's Nest,False
1975,1976,48,COSTUME DESIGN,"Ulla-Britt Soderlund, Milena Canonero",Barry Lyndon,True
1975,1976,48,COSTUME DESIGN,"Yvonne Blake, Ron Talsky",The Four Musketeers,False
1975,1976,48,COSTUME DESIGN,"Ray Aghayan, Bob Mackie",Funny Lady,False
1975,1976,48,COSTUME DESIGN,"Henny Noremark, Karin Erskine",The Magic Flute,False
1975,1976,48,COSTUME DESIGN,Edith Head,The Man Who Would Be King,False
1975,1976,48,DIRECTING,Federico Fellini,Amarcord,False
1975,1976,48,DIRECTING,Stanley Kubrick,Barry Lyndon,False
1975,1976,48,DIRECTING,Sidney Lumet,Dog Day Afternoon,False
1975,1976,48,DIRECTING,Robert Altman,Nashville,False
1975,1976,48,DIRECTING,Milos Forman,One Flew over the Cuckoo's Nest,True
1975,1976,48,DOCUMENTARY (Feature),"Walter F. Parkes and Keith F. Critchlow, Producers",The California Reich,False
1975,1976,48,DOCUMENTARY (Feature),"Glen Pearcy, Producer",Fighting for Our Lives,False
1975,1976,48,DOCUMENTARY (Feature),"Irwin Rosten, Producer",The Incredible Machine,False
1975,1976,48,DOCUMENTARY (Feature),"F. R. Crawley, James Hager and Dale Hartleben, Producers",The Man Who Skied down Everest,True
1975,1976,48,DOCUMENTARY (Feature),"Shirley MacLaine, Producer",The Other Half of the Sky: A China Memoir,False
1975,1976,48,DOCUMENTARY (Short Subject),"Jon Else, Steven Kovacs and Kristine Samuelson, Producers",Arthur and Lillie,False
1975,1976,48,DOCUMENTARY (Short Subject),"Claire Wilbur and Robin Lehman, Producers",The End of the Game,True
1975,1976,48,DOCUMENTARY (Short Subject),"Manfred Baier, Producer",Millions of Years Ahead of Man,False
1975,1976,48,DOCUMENTARY (Short Subject),"George V. Casey, Producer",Probes in Space,False
1975,1976,48,DOCUMENTARY (Short Subject),"Barrie Howells and Michael Scott, Producers",Whistling Smith,False
1975,1976,48,FILM EDITING,Dede Allen,Dog Day Afternoon,False
1975,1976,48,FILM EDITING,Verna Fields,Jaws,True
1975,1976,48,FILM EDITING,Russell Lloyd,The Man Who Would Be King,False
1975,1976,48,FILM EDITING,"Richard Chew, Lynzee Klingman, Sheldon Kahn",One Flew over the Cuckoo's Nest,False
1975,1976,48,FILM EDITING,"Fredric Steinkamp, Don Guidice",Three Days of the Condor,False
1975,1976,48,FOREIGN LANGUAGE FILM,Union of Soviet Socialist Republics,Dersu Uzala,True
1975,1976,48,FOREIGN LANGUAGE FILM,Poland,Land of Promise,False
1975,1976,48,FOREIGN LANGUAGE FILM,Mexico,Letters from Marusia,False
1975,1976,48,FOREIGN LANGUAGE FILM,Japan,Sandakan No. 8,False
1975,1976,48,FOREIGN LANGUAGE FILM,Italy,Scent of a Woman,False
1975,1976,48,MUSIC (Original Score),Gerald Fried,"Birds Do It, Bees Do It",False
1975,1976,48,MUSIC (Original Score),Alex North,Bite the Bullet,False
1975,1976,48,MUSIC (Original Score),John Williams,Jaws,True
1975,1976,48,MUSIC (Original Score),Jack Nitzsche,One Flew over the Cuckoo's Nest,False
1975,1976,48,MUSIC (Original Score),Jerry Goldsmith,The Wind and the Lion,False
1975,1976,48,MUSIC (Scoring: Original Song Score and Adaptation -or- Scoring: Adaptation),Adaptation Score by Leonard Rosenman,Barry Lyndon,True
1975,1976,48,MUSIC (Scoring: Original Song Score and Adaptation -or- Scoring: Adaptation),Adaptation Score by Peter Matz,Funny Lady,False
1975,1976,48,MUSIC (Scoring: Original Song Score and Adaptation -or- Scoring: Adaptation),Adaptation Score by Peter Townshend,Tommy,False
1975,1976,48,MUSIC (Original Song),Music and Lyrics by Fred Ebb and John Kander,Funny Lady,False
1975,1976,48,MUSIC (Original Song),Music and Lyrics by Keith Carradine,Nashville,True
1975,1976,48,MUSIC (Original Song),Music by George Barrie; Lyrics by Sammy Cahn,Whiffs,False
1975,1976,48,MUSIC (Original Song),Music by Charles Fox; Lyrics by Norman Gimbel,The Other Side of the Mountain,False
1975,1976,48,MUSIC (Original Song),Music by Michael Masser; Lyrics by Gerry Goffin,Mahogany,False
1975,1976,48,BEST PICTURE,"Stanley Kubrick, Producer",Barry Lyndon,False
1975,1976,48,BEST PICTURE,"Martin Bregman and Martin Elfand, Producers",Dog Day Afternoon,False
1975,1976,48,BEST PICTURE,"Richard D. Zanuck and David Brown, Producers",Jaws,False
1975,1976,48,BEST PICTURE,"Robert Altman, Producer",Nashville,False
1975,1976,48,BEST PICTURE,"Saul Zaentz and Michael Douglas, Producers",One Flew over the Cuckoo's Nest,True
1975,1976,48,SHORT FILM (Animated),"Bob Godfrey, Producer",Great,True
1975,1976,48,SHORT FILM (Animated),"Robert Swarthe, Producer",Kick Me,False
1975,1976,48,SHORT FILM (Animated),"René Jodoin, Bernard Longpré and André Leduc, Producers",Monsieur Pointu,False
1975,1976,48,SHORT FILM (Animated),"Marcell Jankovics, Producer",Sisyphus,False
1975,1976,48,SHORT FILM (Live Action),"Bert Salzman, Producer",Angel and Big Joe,True
1975,1976,48,SHORT FILM (Live Action),"Louis Marcus, Producer",Conquest of Light,False
1975,1976,48,SHORT FILM (Live Action),"Lawrence M. Lansburgh and Brian Lansburgh, Producers",Dawn Flight,False
1975,1976,48,SHORT FILM (Live Action),"Barry Spinello, Producer",A Day in the Life of Bonnie Consolo,False
1975,1976,48,SHORT FILM (Live Action),"Alan Beattie, Producer",Doubletalk,False
1975,1976,48,SOUND,"Arthur Piantadosi, Les Fresholtz, Richard Tyler, Al Overton, Jr.",Bite the Bullet,False
1975,1976,48,SOUND,"Richard Portman, Don MacDougall, Curly Thirlwell, Jack Solomon",Funny Lady,False
1975,1976,48,SOUND,"Leonard Peterson, John A. Bolger, Jr., John Mack, Don K. Sharpless",The Hindenburg,False
1975,1976,48,SOUND,"Robert L. Hoyt, Roger Heman, Earl Madery, John Carter",Jaws,True
1975,1976,48,SOUND,"Harry W. Tetrick, Aaron Rochin, William McCaughey, Roy Charman",The Wind and the Lion,False
1975,1976,48,WRITING (Original Screenplay),"Federico Fellini, Tonino Guerra",Amarcord,False
1975,1976,48,WRITING (Original Screenplay),"Claude Lelouch, Pierre Uytterhoeven",And Now My Love,False
1975,1976,48,WRITING (Original Screenplay),Frank Pierson,Dog Day Afternoon,True
1975,1976,48,WRITING (Original Screenplay),Ted Allan,Lies My Father Told Me,False
1975,1976,48,WRITING (Original Screenplay),"Robert Towne, Warren Beatty",Shampoo,False
1975,1976,48,WRITING (Screenplay Adapted from Other Material),Stanley Kubrick,Barry Lyndon,False
1975,1976,48,WRITING (Screenplay Adapted from Other Material),"John Huston, Gladys Hill",The Man Who Would Be King,False
1975,1976,48,WRITING (Screenplay Adapted from Other Material),"Lawrence Hauben, Bo Goldman",One Flew over the Cuckoo's Nest,True
1975,1976,48,WRITING (Screenplay Adapted from Other Material),"Ruggero Maccari, Dino Risi",Scent of a Woman,False
1975,1976,48,WRITING (Screenplay Adapted from Other Material),Neil Simon,The Sunshine Boys,False
1975,1976,48,SPECIAL ACHIEVEMENT AWARD (Sound Effects),Peter Berkos,The Hindenburg,True
1975,1976,48,SPECIAL ACHIEVEMENT AWARD (Visual Effects),"Albert Whitlock, Glen Robinson",The Hindenburg,True
1975,1976,48,JEAN HERSHOLT HUMANITARIAN AWARD,Dr. Jules C. Stein,,True
1975,1976,48,HONORARY AWARD, Mary Pickford in recognition of her unique contributions to the film industry and the development of film as an artistic medium.,,True
1975,1976,48,IRVING G. THALBERG MEMORIAL AWARD,Mervyn LeRoy,,True
1976,1977,49,ACTOR IN A LEADING ROLE,Robert De Niro,Taxi Driver,False
1976,1977,49,ACTOR IN A LEADING ROLE,Peter Finch,Network,True
1976,1977,49,ACTOR IN A LEADING ROLE,Giancarlo Giannini,Seven Beauties,False
1976,1977,49,ACTOR IN A LEADING ROLE,William Holden,Network,False
1976,1977,49,ACTOR IN A LEADING ROLE,Sylvester Stallone,Rocky,False
1976,1977,49,ACTOR IN A SUPPORTING ROLE,Ned Beatty,Network,False
1976,1977,49,ACTOR IN A SUPPORTING ROLE,Burgess Meredith,Rocky,False
1976,1977,49,ACTOR IN A SUPPORTING ROLE,Laurence Olivier,Marathon Man,False
1976,1977,49,ACTOR IN A SUPPORTING ROLE,Jason Robards,All the President's Men,True
1976,1977,49,ACTOR IN A SUPPORTING ROLE,Burt Young,Rocky,False
1976,1977,49,ACTRESS IN A LEADING ROLE,Marie-Christine Barrault,"Cousin, Cousine",False
1976,1977,49,ACTRESS IN A LEADING ROLE,Faye Dunaway,Network,True
1976,1977,49,ACTRESS IN A LEADING ROLE,Talia Shire,Rocky,False
1976,1977,49,ACTRESS IN A LEADING ROLE,Sissy Spacek,Carrie,False
1976,1977,49,ACTRESS IN A LEADING ROLE,Liv Ullmann,Face to Face,False
1976,1977,49,ACTRESS IN A SUPPORTING ROLE,Jane Alexander,All the President's Men,False
1976,1977,49,ACTRESS IN A SUPPORTING ROLE,Jodie Foster,Taxi Driver,False
1976,1977,49,ACTRESS IN A SUPPORTING ROLE,Lee Grant,Voyage of the Damned,False
1976,1977,49,ACTRESS IN A SUPPORTING ROLE,Piper Laurie,Carrie,False
1976,1977,49,ACTRESS IN A SUPPORTING ROLE,Beatrice Straight,Network,True
1976,1977,49,ART DIRECTION,Art Direction:  George Jenkins;  Set Decoration:  George Gaines,All the President's Men,True
1976,1977,49,ART DIRECTION,"Art Direction:  Elliot Scott, Norman Reynolds;  Set Decoration:  Peter Howitt",The Incredible Sarah,False
1976,1977,49,ART DIRECTION,"Art Direction:  Gene Callahan, Jack Collis;  Set Decoration:  Jerry Wunderlich",The Last Tycoon,False
1976,1977,49,ART DIRECTION,Art Direction:  Dale Hennesy;  Set Decoration:  Robert de Vestel,Logan's Run,False
1976,1977,49,ART DIRECTION,Art Direction:  Robert F. Boyle;  Set Decoration:  Arthur Jeph Parker,The Shootist,False
1976,1977,49,CINEMATOGRAPHY,Haskell Wexler,Bound for Glory,True
1976,1977,49,CINEMATOGRAPHY,Richard H. Kline,King Kong,False
1976,1977,49,CINEMATOGRAPHY,Ernest Laszlo,Logan's Run,False
1976,1977,49,CINEMATOGRAPHY,Owen Roizman,Network,False
1976,1977,49,CINEMATOGRAPHY,Robert Surtees,A Star Is Born,False
1976,1977,49,COSTUME DESIGN,William Theiss,Bound for Glory,False
1976,1977,49,COSTUME DESIGN,Danilo Donati,Fellini's Casanova,True
1976,1977,49,COSTUME DESIGN,Anthony Mendleson,The Incredible Sarah,False
1976,1977,49,COSTUME DESIGN,Mary Wills,The Passover Plot,False
1976,1977,49,COSTUME DESIGN,Alan Barrett,The Seven-per-cent Solution,False
1976,1977,49,DIRECTING,Alan J. Pakula,All the President's Men,False
1976,1977,49,DIRECTING,Ingmar Bergman,Face to Face,False
1976,1977,49,DIRECTING,Sidney Lumet,Network,False
1976,1977,49,DIRECTING,John G. Avildsen,Rocky,True
1976,1977,49,DIRECTING,Lina Wertmüller,Seven Beauties,False
1976,1977,49,DOCUMENTARY (Feature),"Barbara Kopple, Producer","Harlan County, U.S.A.",True
1976,1977,49,DOCUMENTARY (Feature),"James Gutman and David Helpern, Jr., Producers",Hollywood on Trial,False
1976,1977,49,DOCUMENTARY (Feature),"Michael Firth, Producer",Off the Edge,False
1976,1977,49,DOCUMENTARY (Feature),"Anthony Howarth and David Koff, Producers",People of the Wind,False
1976,1977,49,DOCUMENTARY (Feature),"Donald Brittain and Robert Duncan, Producers",Volcano:  An Inquiry into the Life and Death of Malcolm Lowry,False
1976,1977,49,DOCUMENTARY (Short Subject),"Sparky Greene, Producer",American Shoeshine,False
1976,1977,49,DOCUMENTARY (Short Subject),"Tony Ianzelo and Andy Thomson, Producers",Blackwood,False
1976,1977,49,DOCUMENTARY (Short Subject),"John Armstrong, Producer",The End of the Road,False
1976,1977,49,DOCUMENTARY (Short Subject),"Lynne Littman, Producer",Number Our Days,True
1976,1977,49,DOCUMENTARY (Short Subject),"Lester Novros, Producer",Universe,False
1976,1977,49,FILM EDITING,Robert L. Wolfe,All the President's Men,False
1976,1977,49,FILM EDITING,"Robert Jones, Pembroke J. Herring",Bound for Glory,False
1976,1977,49,FILM EDITING,Alan Heim,Network,False
1976,1977,49,FILM EDITING,"Richard Halsey, Scott Conrad",Rocky,True
1976,1977,49,FILM EDITING,"Eve Newman, Walter Hannemann",Two-Minute Warning,False
1976,1977,49,FOREIGN LANGUAGE FILM,Ivory Coast,Black and White in Color,True
1976,1977,49,FOREIGN LANGUAGE FILM,France,"Cousin, Cousine",False
1976,1977,49,FOREIGN LANGUAGE FILM,German Democratic Republic,"Jacob, the Liar",False
1976,1977,49,FOREIGN LANGUAGE FILM,Poland,Nights and Days,False
1976,1977,49,FOREIGN LANGUAGE FILM,Italy,Seven Beauties,False
1976,1977,49,MUSIC (Original Score),Bernard Herrmann,Obsession,False
1976,1977,49,MUSIC (Original Score),Jerry Goldsmith,The Omen,True
1976,1977,49,MUSIC (Original Score),Jerry Fielding,The Outlaw Josey Wales,False
1976,1977,49,MUSIC (Original Score),Bernard Herrmann,Taxi Driver,False
1976,1977,49,MUSIC (Original Score),Lalo Schifrin,Voyage of the Damned,False
1976,1977,49,MUSIC (Original Song Score and Its Adaptation or Adaptation Score),Adaptation Score by Leonard Rosenman,Bound for Glory,True
1976,1977,49,MUSIC (Original Song Score and Its Adaptation or Adaptation Score),Song Score and Adaptation Score by Paul Williams,Bugsy Malone,False
1976,1977,49,MUSIC (Original Song Score and Its Adaptation or Adaptation Score),Adaptation Score by Roger Kellaway,A Star Is Born,False
1976,1977,49,MUSIC (Original Song),Music by Sammy Fain; Lyrics by Paul Francis Webster,Half a House,False
1976,1977,49,MUSIC (Original Song),Music and Lyrics by Jerry Goldsmith,The Omen,False
1976,1977,49,MUSIC (Original Song),Music by Henry Mancini; Lyrics by Don Black,The Pink Panther Strikes Again,False
1976,1977,49,MUSIC (Original Song),Music by Barbra Streisand; Lyrics by Paul Williams,A Star Is Born,True
1976,1977,49,MUSIC (Original Song),Music by Bill Conti; Lyrics by Carol Connors and Ayn Robbins,Rocky,False
1976,1977,49,BEST PICTURE,"Walter Coblenz, Producer",All the President's Men,False
1976,1977,49,BEST PICTURE,"Robert F. Blumofe and Harold Leventhal, Producers",Bound for Glory,False
1976,1977,49,BEST PICTURE,"Howard Gottfried, Producer",Network,False
1976,1977,49,BEST PICTURE,"Irwin Winkler and Robert Chartoff, Producers",Rocky,True
1976,1977,49,BEST PICTURE,"Michael Phillips and Julia Phillips, Producers",Taxi Driver,False
1976,1977,49,SHORT FILM (Animated),"Manfredo Manfredi, Producer",Dedalo,False
1976,1977,49,SHORT FILM (Animated),"Suzanne Baker, Producer",Leisure,True
1976,1977,49,SHORT FILM (Animated),"Caroline Leaf and Guy Glover, Producers",The Street,False
1976,1977,49,SHORT FILM (Live Action),"Andre Guttfreund and Peter Werner, Producers",In the Region of Ice,True
1976,1977,49,SHORT FILM (Live Action),"Marjorie Anne Short, Producer",Kudzu,False
1976,1977,49,SHORT FILM (Live Action),"Julian Chagrin and Claude Chagrin, Producers",The Morning Spider,False
1976,1977,49,SHORT FILM (Live Action),"Claire Wilbur and Robin Lehman, Producers",Nightlife,False
1976,1977,49,SHORT FILM (Live Action),"Dyan Cannon and Vince Cannon, Producers",Number One,False
1976,1977,49,SOUND,"Arthur Piantadosi, Les Fresholtz, Dick Alexander, Jim Webb",All the President's Men,True
1976,1977,49,SOUND,"Harry Warren Tetrick, William McCaughey, Aaron Rochin, Jack Solomon",King Kong,False
1976,1977,49,SOUND,"Harry Warren Tetrick, William McCaughey, Lyle Burbridge, Bud Alper",Rocky,False
1976,1977,49,SOUND,"Donald Mitchell, Douglas Williams, Richard Tyler, Hal Etherington",Silver Streak,False
1976,1977,49,SOUND,"Robert Knudson, Dan Wallin, Robert Glass, Tom Overton",A Star Is Born,False
1976,1977,49,WRITING (Screenplay--based on material from another medium),William Goldman,All the President's Men,True
1976,1977,49,WRITING (Screenplay--based on material from another medium),Robert Getchell,Bound for Glory,False
1976,1977,49,WRITING (Screenplay--based on material from another medium),"Federico Fellini, Bernardino Zapponi",Fellini's Casanova,False
1976,1977,49,WRITING (Screenplay--based on material from another medium),Nicholas Meyer,The Seven-per-cent Solution,False
1976,1977,49,WRITING (Screenplay--based on material from another medium),"Steve Shagan, David Butler",Voyage of the Damned,False
1976,1977,49,WRITING (Screenplay Written Directly for the Screen--based on factual material or on story material not previously published or produced),Story and Screenplay by Jean-Charles Tacchella;  Adaptation by Daniele Thompson,"Cousin, Cousine",False
1976,1977,49,WRITING (Screenplay Written Directly for the Screen--based on factual material or on story material not previously published or produced),Walter Bernstein,The Front,False
1976,1977,49,WRITING (Screenplay Written Directly for the Screen--based on factual material or on story material not previously published or produced),Paddy Chayefsky,Network,True
1976,1977,49,WRITING (Screenplay Written Directly for the Screen--based on factual material or on story material not previously published or produced),Sylvester Stallone,Rocky,False
1976,1977,49,WRITING (Screenplay Written Directly for the Screen--based on factual material or on story material not previously published or produced),Lina Wertmüller,Seven Beauties,False
1976,1977,49,SPECIAL ACHIEVEMENT AWARD (Visual Effects),"Carlo Rambaldi, Glen Robinson, Frank Van der Veer",King Kong,True
1976,1977,49,SPECIAL ACHIEVEMENT AWARD (Visual Effects),"L. B. Abbott, Glen Robinson, Matthew Yuricich",Logan's Run,True
1976,1977,49,IRVING G. THALBERG MEMORIAL AWARD,Pandro S. Berman,,True